X,Y,timestamp,moisture,speed,width,yield
440815.2634,5018746.46,2021-11-07T00:31:50,22.5,3.715909004,2.49000001,21.0375042
440754.6173,5018885.194,2021-11-07T00:40:34,23.10000038,5.324999809,20.01000023,27.64307976
440811.3979,5018755.208,2021-11-07T00:31:00,24,2.815909147,20.01000023,30.48929214
440804.5338,5018764.419,2021-11-07T00:37:41,22.5,5.413636208,20.01000023,33.24254227
440748.6249,5018871.579,2021-11-07T00:36:48,23.10000038,3.913636446,20.01000023,33.29580307
440810.1444,5018755.346,2021-11-07T00:30:59,24,2.706818104,20.01000023,34.36125183
440788.0071,5018857.257,2021-11-07T00:49:30,22.5,6.238636494,2.49000001,34.45897293
440815.9734,5018745.497,2021-11-07T00:31:51,22.5,3.688636303,2.49000001,37.08783722
440754.9777,5018887.537,2021-11-07T00:40:33,23.10000038,5.277272701,20.01000023,38.41014481
440824.425,5018741.709,2021-11-07T00:41:39,22.39999962,5.706818104,12.5,38.93404007
440861.8979,5018755.226,2021-11-07T00:33:33,22.89999962,2.686363697,20.01000023,43.22954559
440813.0782,5018761.501,2021-11-07T00:41:30,22.5,5.611363411,19.48999977,44.05078125
440755.5169,5018910.45,2021-11-07T00:36:16,22,2.325000048,20.01000023,44.21511841
440749.0035,5018869.861,2021-11-07T00:36:49,23.20000076,3.961363554,20.01000023,45.62760162
440748.2363,5018884.256,2021-11-07T00:36:41,22.29999924,4.588636398,20.01000023,45.69678879
440811.8439,5018763.691,2021-11-07T00:41:29,22.5,5.638636589,20.01000023,45.71759415
440803.3411,5018766.524,2021-11-07T00:37:40,22.5,5.3659091,20.01000023,46.22835541
440811.939,5018752.772,2021-11-07T00:31:17,23.29999924,3.088636398,18.5,48.88569641
440775.5648,5018817.327,2021-11-07T00:37:16,22.70000076,5.434091091,20.01000023,49.54792023
440767.4291,5018871.318,2021-11-07T00:46:49,22.5,6.422727108,19.48999977,49.75965118
440755.3943,5018889.866,2021-11-07T00:40:32,23.10000038,5.236363411,20.01000023,50.6919632
440768.8574,5018880.803,2021-11-07T00:47:14,23.20000076,5.611363411,7.510000229,51.4946785
440776.7006,5018815.167,2021-11-07T00:37:17,22.79999924,5.461363792,20.01000023,51.89815903
440811.2034,5018754.015,2021-11-07T00:31:16,23.29999924,3.961363554,10.01000023,52.22542572
440774.4005,5018819.46,2021-11-07T00:37:15,22.79999924,5.413636208,20.01000023,52.35569763
440766.7025,5018859.986,2021-11-07T00:42:59,22.20000076,5.502272606,20.01000023,52.80004883
440748.5091,5018886.291,2021-11-07T00:36:40,22.20000076,4.561363697,20.01000023,54.05752182
440810.6097,5018765.88,2021-11-07T00:41:28,22.5,5.611363411,20.01000023,54.17428207
440768.8154,5018868.818,2021-11-07T00:46:48,22.5,6.443181992,20.01000023,56.23898315
440823.2053,5018743.94,2021-11-07T00:41:38,22.39999962,5.706818104,14.5,57.11739349
440802.1483,5018768.615,2021-11-07T00:37:39,22.5,5.393181801,20.01000023,57.71869278
440797.3629,5018840.153,2021-11-07T00:49:23,22.5,6.265909195,7.510000229,57.91121292
440788.0769,5018879.738,2021-11-07T00:34:56,24.60000038,2.75454545,20.01000023,58.40905762
440777.8504,5018813.006,2021-11-07T00:37:18,22.89999962,5.481818199,20.01000023,58.69907761
440773.2501,5018821.564,2021-11-07T00:37:14,22.89999962,5.393181801,20.01000023,58.76659012
440818.1281,5018752.77,2021-11-07T00:41:34,22.5,5.679545403,19.48999977,58.90851212
440812.5904,5018751.571,2021-11-07T00:31:18,23,3.088636398,20.01000023,59.45486832
440816.8516,5018754.96,2021-11-07T00:41:33,22.5,5.659090996,17.48999977,59.49048996
440764.213,5018901.193,2021-11-07T00:43:28,22.5,3.088636398,10.98999977,60.21205902
440836.7947,5018755.841,2021-11-07T00:48:07,22.5,6.150000095,20.01000023,61.29261398
440749.4666,5018868.128,2021-11-07T00:36:50,22.79999924,3.981818199,20.01000023,61.44791031
440755.8387,5018892.152,2021-11-07T00:40:31,23.10000038,5.188636303,20.01000023,61.85497284
440804.5238,5018776.883,2021-11-07T00:41:23,22.79999924,5.659090996,20.01000023,62.07096481
440819.4186,5018750.566,2021-11-07T00:41:35,22.5,5.706818104,20.01000023,62.21718979
440820.7092,5018748.376,2021-11-07T00:41:36,22.5,5.706818104,20.01000023,62.64333344
440838.3624,5018745.611,2021-11-07T00:45:39,23.79999924,5.147727489,20.01000023,62.70801926
440809.3896,5018768.069,2021-11-07T00:41:27,22.5,5.659090996,20.01000023,62.74191284
440789.0996,5018879.04,2021-11-07T00:34:55,24.39999962,2.795454502,20.01000023,62.7987442
440798.9349,5018800.303,2021-11-07T00:42:31,23,5.413636208,20.01000023,63.3781929
440763.9748,5018899.846,2021-11-07T00:43:27,22.5,3.177272797,14.01000023,63.4065361
440805.7297,5018774.68,2021-11-07T00:41:24,22.79999924,5.638636589,20.01000023,63.58501816
440748.824,5018888.298,2021-11-07T00:36:39,22.20000076,4.472727299,20.01000023,63.86205673
440821.9713,5018746.158,2021-11-07T00:41:37,22.5,5.706818104,17.48999977,64.35595703
440834.0613,5018737.965,2021-11-07T00:41:59,23.29999924,2.727272749,20.01000023,64.42279053
440800.0711,5018798.184,2021-11-07T00:42:30,23.20000076,5.413636208,20.01000023,64.54907227
440797.7849,5018802.449,2021-11-07T00:42:32,22.79999924,5.434091091,20.01000023,64.64102936
440803.2898,5018779.101,2021-11-07T00:41:22,22.5,5.659090996,20.01000023,64.89060974
440800.9836,5018770.706,2021-11-07T00:37:38,22.5,5.434091091,20.01000023,65.33975983
440810.3871,5018754.163,2021-11-07T00:37:46,22.5,5.052272797,2.49000001,65.75994873
440815.5892,5018757.15,2021-11-07T00:41:32,22.5,5.638636589,14.5,66.06623077
440822.2556,5018758.436,2021-11-07T00:42:11,21.89999962,5.304545403,20.01000023,66.06763458
440772.0858,5018823.683,2021-11-07T00:37:13,22.70000076,5.413636208,20.01000023,66.31350708
440823.4488,5018756.387,2021-11-07T00:42:10,22.10000038,5.256818295,20.01000023,66.49674988
440806.9498,5018772.49,2021-11-07T00:41:25,22.5,5.638636589,20.01000023,67.28249359
440808.1698,5018770.287,2021-11-07T00:41:26,22.5,5.638636589,20.01000023,67.28249359
440783.8141,5018814.524,2021-11-07T00:41:06,22.39999962,5.659090996,20.01000023,67.55609894
440798.6934,5018837.71,2021-11-07T00:49:22,22.5,6.21818161,7.510000229,67.73430634
440767.8381,5018857.811,2021-11-07T00:42:58,22.10000038,5.481818199,20.01000023,67.78073883
440835.0811,5018745.993,2021-11-07T00:45:56,25.10000038,3.4909091,17.48999977,67.78491974
440782.6082,5018816.727,2021-11-07T00:41:05,22.20000076,5.611363411,20.01000023,67.87121582
440821.0623,5018760.485,2021-11-07T00:42:12,21.79999924,5.324999809,20.01000023,68.20225525
440770.2156,5018866.29,2021-11-07T00:46:47,22.5,6.443181992,20.01000023,68.31715393
440796.6346,5018804.568,2021-11-07T00:42:33,22.79999924,5.413636208,20.01000023,68.4651413
440778.9864,5018810.86,2021-11-07T00:37:19,22.89999962,5.434091091,20.01000023,68.56430054
440813.2405,5018750.244,2021-11-07T00:31:19,22.70000076,3.286363602,20.01000023,68.64306641
440785.0197,5018812.293,2021-11-07T00:41:07,22.70000076,5.679545403,20.01000023,68.76091766
440824.6282,5018754.367,2021-11-07T00:42:09,22.39999962,5.168181896,20.01000023,68.79021454
440832.1804,5018729.819,2021-11-07T00:32:17,21.29999924,3.313636303,17.48999977,69.06564331
440801.2213,5018796.066,2021-11-07T00:42:29,23,5.413636208,20.01000023,69.18041992
440786.2252,5018810.047,2021-11-07T00:41:08,22.89999962,5.706818104,20.01000023,69.52709198
440781.4307,5018818.944,2021-11-07T00:41:04,22.10000038,5.638636589,20.01000023,69.79737854
440756.3111,5018894.424,2021-11-07T00:40:30,22.79999924,5.099999905,20.01000023,69.82554626
440799.791,5018772.824,2021-11-07T00:37:37,22.5,5.413636208,20.01000023,70.52809143
440802.0557,5018781.304,2021-11-07T00:41:21,22.39999962,5.659090996,20.01000023,70.56815338
440840.4028,5018746.702,2021-11-07T00:45:38,23.89999962,5.03181839,20.01000023,70.71244812
440787.4306,5018807.802,2021-11-07T00:41:09,23.10000038,5.679545403,20.01000023,70.95436096
440755.7779,5018869.151,2021-11-07T00:40:41,22.5,5.188636303,20.01000023,71.24295807
440752.5373,5018903.916,2021-11-07T00:36:30,21.79999924,3.579545498,20.01000023,71.29549408
440749.1808,5018890.261,2021-11-07T00:36:38,22.29999924,4.336363792,20.01000023,71.40834045
440814.3266,5018759.325,2021-11-07T00:41:31,22.5,5.611363411,12.5,71.45908356
440814.6655,5018747.35,2021-11-07T00:31:21,22.5,3.736363649,20.01000023,71.5970459
440816.8796,5018744.407,2021-11-07T00:31:52,22.5,3.177272797,2.99000001,71.71351624
440795.4702,5018806.686,2021-11-07T00:42:34,23.10000038,5.413636208,20.01000023,71.7650528
440819.855,5018762.533,2021-11-07T00:42:13,21.79999924,5.324999809,20.01000023,71.88886261
440752.0291,5018902.333,2021-11-07T00:36:31,21.89999962,3.715909004,20.01000023,71.88897705
440813.9322,5018748.833,2021-11-07T00:31:20,22.5,3.511363745,20.01000023,72.02928162
440749.963,5018893.992,2021-11-07T00:36:36,22.29999924,3.981818199,20.01000023,72.25559235
440842.3864,5018747.751,2021-11-07T00:45:37,23.89999962,4.922727108,20.01000023,72.27947998
440790.0934,5018878.286,2021-11-07T00:34:54,24.29999924,2.75454545,20.01000023,72.43943787
440750.3457,5018895.716,2021-11-07T00:36:35,22.10000038,3.913636446,20.01000023,72.45441437
440788.6364,5018805.584,2021-11-07T00:41:10,23.20000076,5.679545403,20.01000023,72.55938721
440825.7655,5018752.361,2021-11-07T00:42:08,22.60000038,5.099999905,20.01000023,72.86384583
440770.9355,5018825.801,2021-11-07T00:37:12,22.39999962,5.413636208,20.01000023,72.86811066
440763.6938,5018898.444,2021-11-07T00:43:26,22.5,3.12954545,16.98999977,73.21735382
440835.478,5018758.256,2021-11-07T00:48:06,22.5,6.197727203,20.01000023,73.3771286
440749.5651,5018892.155,2021-11-07T00:36:37,22.29999924,4.186363697,20.01000023,73.38452148
440824.8136,5018729.017,2021-11-07T00:31:33,21,3.12954545,20.01000023,73.66796112
440809.3581,5018781.25,2021-11-07T00:42:22,20.79999924,5.413636208,20.01000023,73.91146851
440798.6124,5018774.929,2021-11-07T00:37:36,22.5,5.413636208,20.01000023,74.57110596
440808.2079,5018783.382,2021-11-07T00:42:23,21,5.413636208,20.01000023,74.64066315
440789.842,5018803.353,2021-11-07T00:41:11,23,5.638636589,20.01000023,74.99021149
440780.2531,5018821.161,2021-11-07T00:41:03,22.10000038,5.638636589,20.01000023,74.99967194
440825.438,5018727.943,2021-11-07T00:31:34,20.5,2.256818295,20.01000023,75.16736603
440753.059,5018905.428,2021-11-07T00:36:29,21.89999962,3.354545355,20.01000023,75.24964142
440794.3058,5018808.805,2021-11-07T00:42:35,23.29999924,5.413636208,20.01000023,75.5796814
440802.3998,5018793.947,2021-11-07T00:42:28,22.60000038,5.393181801,20.01000023,75.65803528
440810.5084,5018779.131,2021-11-07T00:42:21,20.60000038,5.413636208,20.01000023,75.93906403
440750.0003,5018866.409,2021-11-07T00:36:51,22.5,4.029545307,20.01000023,76.04419708
440800.8217,5018783.508,2021-11-07T00:41:20,22.5,5.659090996,20.01000023,76.06382751
440756.7832,5018896.654,2021-11-07T00:40:29,22.60000038,5.011363506,20.01000023,76.09122467
440791.0479,5018801.15,2021-11-07T00:41:12,22.89999962,5.659090996,20.01000023,76.09876251
440754.1701,5018908.144,2021-11-07T00:36:27,21.89999962,3.020454645,20.01000023,76.27047729
440818.6476,5018764.582,2021-11-07T00:42:14,21.5,5.324999809,20.01000023,76.3279953
440815.4544,5018745.783,2021-11-07T00:31:22,22.5,3.913636446,20.01000023,76.43217468
440751.5768,5018900.707,2021-11-07T00:36:32,21.89999962,3.804545403,20.01000023,76.65581512
440750.7282,5018897.413,2021-11-07T00:36:34,21.89999962,3.825000048,20.01000023,77.52732849
440807.0576,5018785.501,2021-11-07T00:42:24,21.29999924,5.413636208,20.01000023,77.55046844
440792.2536,5018798.932,2021-11-07T00:41:13,22.70000076,5.638636589,20.01000023,77.86348724
440753.5937,5018906.814,2021-11-07T00:36:28,21.89999962,3.197727203,20.01000023,78.93992615
440793.1273,5018810.924,2021-11-07T00:42:36,23.20000076,5.434091091,20.01000023,78.94128418
440800.0238,5018835.252,2021-11-07T00:49:21,22.5,6.21818161,7.510000229,79.19702911
440763.4132,5018897.083,2021-11-07T00:43:25,22.5,3.313636303,20.01000023,79.26299286
440793.4453,5018796.715,2021-11-07T00:41:14,22.60000038,5.611363411,20.01000023,79.64164734
440826.8747,5018750.369,2021-11-07T00:42:07,22.60000038,4.963636398,20.01000023,79.7587738
440751.1384,5018899.067,2021-11-07T00:36:33,21.89999962,3.804545403,20.01000023,79.87664795
440756.5324,5018866.924,2021-11-07T00:40:42,22.29999924,5.277272701,20.01000023,79.92956543
440817.4686,5018766.645,2021-11-07T00:42:15,21.20000076,5.324999809,20.01000023,80.3345871
440799.6018,5018785.725,2021-11-07T00:41:19,22.70000076,5.638636589,20.01000023,80.44459534
440811.6587,5018777.013,2021-11-07T00:42:20,20.20000076,5.345454693,20.01000023,80.57430267
440768.974,5018855.665,2021-11-07T00:42:57,22,5.434091091,20.01000023,80.62516022
440780.1224,5018808.727,2021-11-07T00:37:20,23,5.413636208,20.01000023,80.78488159
440797.4339,5018777.048,2021-11-07T00:37:35,22.5,5.413636208,20.01000023,80.86023712
440794.6652,5018794.512,2021-11-07T00:41:15,22.60000038,5.638636589,20.01000023,80.97940826
440805.8934,5018787.634,2021-11-07T00:42:25,21.5,5.413636208,20.01000023,80.99355316
440769.7711,5018827.92,2021-11-07T00:37:11,22.10000038,5.3659091,20.01000023,81.08938599
440803.5643,5018791.843,2021-11-07T00:42:27,22.20000076,5.393181801,20.01000023,81.48110199
440757.2547,5018898.827,2021-11-07T00:40:28,22.39999962,4.854545593,20.01000023,81.76183319
440795.8851,5018792.294,2021-11-07T00:41:16,22.70000076,5.659090996,20.01000023,82.29698181
440798.3676,5018787.915,2021-11-07T00:41:18,22.79999924,5.638636589,20.01000023,82.48867035
440791.0163,5018877.476,2021-11-07T00:34:53,24.20000076,2.795454502,20.01000023,82.53504181
440833.3104,5018739.068,2021-11-07T00:42:00,23.20000076,2.972727299,20.01000023,82.69061279
440779.0757,5018823.393,2021-11-07T00:41:02,22.20000076,5.659090996,20.01000023,82.82930756
440759.2729,5018909.585,2021-11-07T00:40:22,23.70000076,2.815909147,14.98999977,82.8560257
440834.1614,5018760.685,2021-11-07T00:48:05,22.5,6.150000095,20.01000023,83.04161072
440797.1334,5018790.104,2021-11-07T00:41:17,22.79999924,5.659090996,20.01000023,83.04666901
440804.7289,5018789.738,2021-11-07T00:42:26,21.79999924,5.393181801,20.01000023,83.26502991
440791.963,5018813.042,2021-11-07T00:42:37,23.20000076,5.434091091,20.01000023,83.37619019
440827.3116,5018760.89,2021-11-07T00:46:04,22.20000076,5.679545403,20.01000023,83.39070129
440826.0922,5018763.149,2021-11-07T00:46:05,22,5.747727394,20.01000023,83.46499634
440761.5193,5018887.56,2021-11-07T00:43:19,22.5,3.804545403,20.01000023,83.73751831
440816.2895,5018768.693,2021-11-07T00:42:16,20.79999924,5.304545403,20.01000023,84.33335876
440812.8092,5018774.923,2021-11-07T00:42:19,20.10000038,5.304545403,20.01000023,84.60606384
440828.5173,5018758.658,2021-11-07T00:46:03,22.39999962,5.570454597,20.01000023,84.80523682
440848.0583,5018743.707,2021-11-07T00:38:23,22.5,5.236363411,18.01000023,85.1410675
440750.6188,5018864.717,2021-11-07T00:36:52,22.29999924,4.050000191,20.01000023,86.08984375
440815.1106,5018770.77,2021-11-07T00:42:17,20.29999924,5.324999809,20.01000023,86.41843414
440813.9599,5018772.846,2021-11-07T00:42:18,20.10000038,5.324999809,20.01000023,86.63529205
440829.6951,5018756.469,2021-11-07T00:46:02,22.70000076,5.345454693,20.01000023,86.67185211
440847.1456,5018756.137,2021-11-07T00:45:17,23.70000076,5.925000191,20.01000023,86.8809433
440824.8587,5018765.423,2021-11-07T00:46:06,21.89999962,5.795454502,20.01000023,87.11252594
440757.3998,5018864.71,2021-11-07T00:40:43,22,5.324999809,20.01000023,87.33301544
440827.9419,5018748.406,2021-11-07T00:42:06,22.5,4.786363602,20.01000023,87.39253235
440810.7235,5018791.551,2021-11-07T00:46:17,22.10000038,6.265909195,20.01000023,88.1681366
440771.5876,5018863.762,2021-11-07T00:46:46,22.5,6.422727108,20.01000023,88.22425842
440757.7116,5018900.945,2021-11-07T00:40:27,22.5,4.588636398,20.01000023,88.5083847
440763.0895,5018895.639,2021-11-07T00:43:24,22.5,3.531818151,20.01000023,88.82658386
440790.8127,5018815.161,2021-11-07T00:42:38,23.10000038,5.393181801,20.01000023,89.03981018
440768.6348,5018830.024,2021-11-07T00:37:10,22,5.324999809,20.01000023,90.09090424
440812.0679,5018789.093,2021-11-07T00:46:16,22,6.238636494,20.01000023,90.2365799
440796.2696,5018779.167,2021-11-07T00:37:34,22.5,5.413636208,20.01000023,90.29393005
440816.3134,5018744.173,2021-11-07T00:31:23,22.5,4.118181705,20.01000023,90.35194397
440834.3331,5018747.405,2021-11-07T00:45:57,24.79999924,3.599999905,17.48999977,90.74189758
440821.2701,5018796.201,2021-11-07T00:49:05,23.70000076,6.306818008,7.510000229,91.03612518
440791.9103,5018876.596,2021-11-07T00:34:52,24.10000038,2.8840909,20.01000023,91.66545105
440751.2938,5018863.039,2021-11-07T00:36:53,22,4.070454597,20.01000023,92.00109863
440824.1061,5018730.246,2021-11-07T00:31:32,22.20000076,3.156818151,20.01000023,92.02945709
440829.8817,5018729.742,2021-11-07T00:32:03,22,2.099999905,19,92.06189728
440832.8447,5018763.1,2021-11-07T00:48:04,22.5,6.129545689,20.01000023,92.44410706
440822.6005,5018793.744,2021-11-07T00:49:04,23.79999924,6.306818008,7.510000229,92.93718719
440758.3522,5018862.537,2021-11-07T00:40:44,21.89999962,5.324999809,20.01000023,92.96782684
440819.9259,5018798.687,2021-11-07T00:49:06,23.70000076,6.306818008,7.510000229,93.0591507
440777.8842,5018825.624,2021-11-07T00:41:01,22.10000038,5.638636589,20.01000023,93.20767975
440752.039,5018861.317,2021-11-07T00:36:54,21.79999924,4.206818104,20.01000023,93.33034515
440770.124,5018853.518,2021-11-07T00:42:56,22.20000076,5.461363792,20.01000023,93.4274826
440821.0689,5018735.614,2021-11-07T00:31:28,22.5,4.315908909,20.01000023,93.53784943
440809.4072,5018794.008,2021-11-07T00:46:18,22.29999924,6.238636494,20.01000023,93.79776001
440823.9305,5018791.244,2021-11-07T00:49:03,23.89999962,6.354545593,7.510000229,94.12067413
440823.6115,5018767.725,2021-11-07T00:46:07,21.79999924,5.863636494,20.01000023,94.16122437
440752.868,5018859.525,2021-11-07T00:36:55,21.70000076,4.431818008,20.01000023,94.24940491
440761.8173,5018889.272,2021-11-07T00:43:20,22.5,3.893181801,20.01000023,94.32435608
440758.111,5018902.95,2021-11-07T00:40:26,22.60000038,4.295454502,20.01000023,94.4274292
440781.2444,5018806.595,2021-11-07T00:37:21,22.79999924,5.393181801,20.01000023,94.77735138
440801.3544,5018832.823,2021-11-07T00:49:20,22.5,6.21818161,7.510000229,94.82802582
440789.6624,5018817.279,2021-11-07T00:42:39,23.10000038,5.393181801,20.01000023,95.30391693
440828.9536,5018746.542,2021-11-07T00:42:05,22.39999962,4.520454407,20.01000023,95.34606171
440821.9287,5018734.088,2021-11-07T00:31:29,22.5,3.913636446,20.01000023,95.69556427
440754.7454,5018909.361,2021-11-07T00:36:26,21.89999962,2.775000095,13.47999954,95.70133209
440834.904,5018770.725,2021-11-07T00:48:55,24.29999924,6.327272892,10.01000023,96.06211853
440785.2808,5018838.636,2021-11-07T00:46:36,22.70000076,6.422727108,20.01000023,96.30527496
440759.3894,5018860.391,2021-11-07T00:40:45,21.79999924,5.345454693,20.01000023,96.4031601
440786.6529,5018836.122,2021-11-07T00:46:35,22.89999962,6.395454407,20.01000023,96.46572113
440762.7508,5018894.097,2021-11-07T00:43:23,22.5,3.559090853,20.01000023,97.02883911
440845.6859,5018758.343,2021-11-07T00:45:16,23.60000038,5.952272892,20.01000023,97.47107697
440753.753,5018857.676,2021-11-07T00:36:56,21.70000076,4.561363697,20.01000023,97.49795532
440784.5081,5018875.008,2021-11-07T00:39:41,24,4.963636398,20.01000023,97.53479004
440813.3844,5018786.65,2021-11-07T00:46:15,21.89999962,6.21818161,20.01000023,97.74378967
440762.115,5018890.941,2021-11-07T00:43:21,22.5,3.804545403,20.01000023,97.80030823
440825.2748,5018788.759,2021-11-07T00:49:02,23.79999924,6.443181992,7.510000229,97.89190674
440818.5672,5018801.13,2021-11-07T00:49:07,23.89999962,6.238636494,7.510000229,97.90914154
440813.2165,5018810.862,2021-11-07T00:49:11,23.60000038,6.21818161,7.510000229,98.61845398
440762.4261,5018892.554,2021-11-07T00:43:22,22.5,3.668181896,20.01000023,98.78408813
440780.503,5018834.283,2021-11-07T00:42:47,22.79999924,5.434091091,20.01000023,98.96764374
440811.9,5018813.291,2021-11-07T00:49:12,23.79999924,6.177272797,7.510000229,99.01168823
440829.9239,5018744.777,2021-11-07T00:42:04,22.39999962,4.275000095,20.01000023,99.11165619
440828.9891,5018730.776,2021-11-07T00:32:02,21.29999924,3.313636303,16.98999977,99.18634796
440810.5834,5018815.72,2021-11-07T00:49:13,24,6.197727203,7.510000229,99.45116425
440832.5599,5018740.227,2021-11-07T00:42:01,23,3.109090805,20.01000023,99.4757309
440792.7897,5018875.661,2021-11-07T00:34:51,24.29999924,3.020454645,20.01000023,99.87968445
440830.8811,5018743.109,2021-11-07T00:42:03,22.5,3.981818199,20.01000023,100.1645355
440779.353,5018836.43,2021-11-07T00:42:48,22.70000076,5.434091091,20.01000023,100.4349747
440782.8583,5018876.471,2021-11-07T00:39:42,22.89999962,4.922727108,18.5,100.4698257
440814.5331,5018808.433,2021-11-07T00:49:10,23.60000038,6.21818161,7.510000229,100.6730042
440817.2225,5018803.56,2021-11-07T00:49:08,23.89999962,6.238636494,7.510000229,100.9688034
440795.0909,5018781.271,2021-11-07T00:37:33,22.5,5.393181801,20.01000023,101.0077133
440781.6391,5018832.151,2021-11-07T00:42:46,22.89999962,5.434091091,20.01000023,101.065567
440767.5126,5018832.128,2021-11-07T00:37:09,22,5.256818295,20.01000023,101.5028
440783.9088,5018841.164,2021-11-07T00:46:37,22.5,6.443181992,20.01000023,101.5321198
440758.4671,5018904.844,2021-11-07T00:40:25,22.79999924,3.981818199,19.48999977,101.8142548
440788.011,5018833.608,2021-11-07T00:46:34,22.79999924,6.395454407,20.01000023,101.8938675
440855.186,5018755.107,2021-11-07T00:38:46,23.79999924,4.963636398,20.01000023,102.127037
440770.1336,5018878.585,2021-11-07T00:47:15,23.10000038,5.727272511,7.510000229,102.1590576
440837.6215,5018765.838,2021-11-07T00:48:53,24.60000038,6.109090805,10.01000023,102.1954498
440832.7273,5018750.568,2021-11-07T00:45:59,23.60000038,4.186363697,17.48999977,102.2087708
440788.512,5018819.384,2021-11-07T00:42:40,23,5.3659091,20.01000023,102.2170029
440830.789,5018754.351,2021-11-07T00:46:01,22.89999962,4.922727108,17.48999977,102.3356934
440815.8777,5018805.989,2021-11-07T00:49:09,23.70000076,6.21818161,7.510000229,102.5931015
440776.6783,5018827.827,2021-11-07T00:41:00,22.20000076,5.611363411,20.01000023,102.6769714
440760.455,5018858.26,2021-11-07T00:40:46,21.89999962,5.345454693,20.01000023,102.6985397
440833.5717,5018748.902,2021-11-07T00:45:58,24.20000076,3.756818295,17.48999977,102.8595276
440833.3787,5018729.807,2021-11-07T00:32:18,21.20000076,1.922727227,20.01000023,102.8841324
440831.7998,5018752.389,2021-11-07T00:46:00,23.10000038,4.561363697,17.48999977,102.8934479
440830.0834,5018733.211,2021-11-07T00:38:13,22.5,3.402272701,14.98999977,103.0508728
440826.6326,5018786.217,2021-11-07T00:49:01,23.79999924,6.552272797,7.510000229,103.0684891
440781.2653,5018877.989,2021-11-07T00:39:43,22.60000038,4.922727108,17.48999977,103.2983627
440809.2672,5018818.178,2021-11-07T00:49:14,23.89999962,6.21818161,7.510000229,103.3474197
440822.3641,5018770.013,2021-11-07T00:46:08,21.79999924,5.836363792,20.01000023,103.4306793
440754.6661,5018855.827,2021-11-07T00:36:57,21.70000076,4.629545689,20.01000023,103.4922638
440823.4127,5018731.475,2021-11-07T00:31:31,22.5,3.265909195,20.01000023,103.5052261
440831.7548,5018741.57,2021-11-07T00:42:02,22.70000076,3.4909091,20.01000023,103.5325928
440822.6915,5018732.746,2021-11-07T00:31:30,22.5,3.4909091,20.01000023,103.8004684
440793.6541,5018874.627,2021-11-07T00:34:50,24.29999924,3.334090948,20.01000023,104.0210342
440808.0768,5018796.465,2021-11-07T00:46:19,22.39999962,6.238636494,20.01000023,104.2157059
440845.2102,5018752.713,2021-11-07T00:48:47,24.29999924,4.315908909,9.510000229,104.2275543
440820.1118,5018737.281,2021-11-07T00:31:27,22.5,4.452272892,20.01000023,104.3285522
440762.0244,5018842.213,2021-11-07T00:37:04,22.10000038,5.147727489,20.01000023,104.4706955
440771.274,5018851.371,2021-11-07T00:42:55,22.39999962,5.434091091,20.01000023,104.8577576
440782.7892,5018830.018,2021-11-07T00:42:45,22.89999962,5.413636208,20.01000023,105.0226669
440782.3945,5018804.463,2021-11-07T00:37:22,22.60000038,5.393181801,20.01000023,105.8311768
440778.2029,5018838.562,2021-11-07T00:42:49,22.60000038,5.434091091,20.01000023,105.9283676
440831.542,5018765.501,2021-11-07T00:48:03,22.5,6.129545689,20.01000023,105.9337997
440760.9296,5018844.232,2021-11-07T00:37:03,22.10000038,5.120454311,20.01000023,105.9819183
440786.1436,5018873.517,2021-11-07T00:39:40,24.60000038,4.9909091,20.01000023,106.1914597
440833.5177,5018773.239,2021-11-07T00:48:56,24.20000076,6.422727108,8.989999771,106.3351135
440771.9114,5018836.654,2021-11-07T00:40:56,22.20000076,5.570454597,20.01000023,106.4988937
440814.7008,5018784.207,2021-11-07T00:46:14,21.79999924,6.150000095,20.01000023,106.9341202
440827.8592,5018732.065,2021-11-07T00:32:01,21.20000076,4.247727394,14.98999977,107.2368393
440773.103,5018834.437,2021-11-07T00:40:57,22.20000076,5.611363411,20.01000023,107.4627609
440770.7336,5018838.843,2021-11-07T00:40:55,22.20000076,5.550000191,20.01000023,107.7711639
440846.0034,5018742.574,2021-11-07T00:38:22,22.5,5.20909071,20.01000023,107.8453979
440853.9636,5018757.057,2021-11-07T00:38:47,23.60000038,5.168181896,20.01000023,108.083992
440838.9666,5018763.45,2021-11-07T00:48:52,24.29999924,6.061363697,10.01000023,108.110405
440787.376,5018821.516,2021-11-07T00:42:41,22.89999962,5.393181801,20.01000023,108.1125793
440826.6179,5018733.496,2021-11-07T00:32:00,21.29999924,4.363636494,14.98999977,108.7887497
440775.4865,5018830.03,2021-11-07T00:40:59,22.10000038,5.611363411,20.01000023,108.9077835
440860.1452,5018757.758,2021-11-07T00:33:48,22.70000076,3.913636446,20.01000023,109.0841293
440842.7938,5018756.628,2021-11-07T00:48:49,24,5.3659091,10.98999977,109.2454376
440844.2406,5018760.577,2021-11-07T00:45:15,23.5,5.993181705,20.01000023,109.3494263
440828.0042,5018783.647,2021-11-07T00:49:00,23.79999924,6.688636303,7.510000229,109.5398788
440783.9394,5018827.886,2021-11-07T00:42:44,23,5.393181801,20.01000023,109.7644272
440794.5593,5018873.438,2021-11-07T00:34:49,24,3.62045455,20.01000023,110.0061188
440774.2808,5018832.248,2021-11-07T00:40:58,22.10000038,5.590909004,20.01000023,110.1806793
440802.6709,5018830.38,2021-11-07T00:49:19,22.5,6.21818161,7.510000229,110.4590149
440782.5368,5018843.692,2021-11-07T00:46:38,22.5,6.443181992,20.01000023,110.5907516
440807.9507,5018820.621,2021-11-07T00:49:15,23.10000038,6.21818161,7.510000229,110.6378479
440841.5593,5018758.789,2021-11-07T00:48:50,24,5.570454597,10.98999977,110.6905594
440763.1195,5018840.221,2021-11-07T00:37:05,22.10000038,5.099999905,20.01000023,110.7207794
440769.5697,5018841.018,2021-11-07T00:40:54,22.29999924,5.522727489,20.01000023,110.8130798
440821.1028,5018772.33,2021-11-07T00:46:09,21.70000076,5.8840909,20.01000023,111.074379
440779.7861,5018879.605,2021-11-07T00:39:44,22.5,4.922727108,16.01000023,111.1409378
440793.9405,5018783.376,2021-11-07T00:37:32,22.39999962,5.345454693,20.01000023,111.1518707
440770.4606,5018881.884,2021-11-07T00:44:17,22.20000076,4.697727203,20.01000023,111.2129669
440755.6212,5018853.949,2021-11-07T00:36:58,21.79999924,4.697727203,20.01000023,111.2623978
440761.5768,5018856.113,2021-11-07T00:40:47,22.10000038,5.393181801,20.01000023,111.5006409
440789.369,5018831.094,2021-11-07T00:46:33,22.60000038,6.422727108,20.01000023,111.5561142
440786.2257,5018823.635,2021-11-07T00:42:42,23,5.413636208,20.01000023,111.5813293
440772.9597,5018861.248,2021-11-07T00:46:45,22.5,6.395454407,20.01000023,111.7963181
440785.0755,5018825.767,2021-11-07T00:42:43,23,5.413636208,20.01000023,112.0276566
440758.7795,5018906.583,2021-11-07T00:40:24,23,3.668181896,17.48999977,112.2879868
440783.5308,5018802.358,2021-11-07T00:37:23,22.5,5.3659091,20.01000023,112.3983536
440766.4041,5018834.19,2021-11-07T00:37:08,22,5.168181896,20.01000023,113.1890945
440759.8347,5018846.238,2021-11-07T00:37:02,22,5.03181839,20.01000023,113.3379745
440844.0294,5018754.579,2021-11-07T00:48:48,24.20000076,4.943181992,10.01000023,113.5030441
440777.0529,5018840.709,2021-11-07T00:42:50,22.60000038,5.434091091,20.01000023,113.5266037
440759.0343,5018908.197,2021-11-07T00:40:23,23.29999924,3.177272797,16.01000023,113.6129227
440772.424,5018849.225,2021-11-07T00:42:54,22.5,5.413636208,20.01000023,113.6535492
440784.6812,5018800.254,2021-11-07T00:37:24,22.39999962,5.393181801,20.01000023,114.2318115
440768.406,5018843.207,2021-11-07T00:40:53,22.39999962,5.522727489,20.01000023,114.6387253
440816.0034,5018781.792,2021-11-07T00:46:13,21.60000038,6.081818104,20.01000023,114.8816986
440787.7219,5018871.943,2021-11-07T00:39:39,24.89999962,5.052272797,20.01000023,115.2126007
440840.2838,5018761.091,2021-11-07T00:48:51,24.10000038,5.863636494,10.01000023,116.111084
440785.8457,5018798.149,2021-11-07T00:37:25,22.29999924,5.393181801,20.01000023,116.1873779
440806.7463,5018798.909,2021-11-07T00:46:20,22.39999962,6.238636494,20.01000023,116.3156586
440792.7759,5018785.466,2021-11-07T00:37:31,22.20000076,5.393181801,20.01000023,116.3369141
440806.6202,5018823.064,2021-11-07T00:49:16,22.60000038,6.21818161,7.510000229,116.5608215
440859.2868,5018759.438,2021-11-07T00:33:49,22.60000038,4.227272511,20.01000023,116.6343842
440832.9341,5018735.025,2021-11-07T00:38:15,22.5,3.934090853,17.48999977,116.6939697
440819.8417,5018774.66,2021-11-07T00:46:10,21.5,5.952272892,20.01000023,116.7040176
440827.6476,5018772.676,2021-11-07T00:48:00,22.5,6.04090929,20.01000023,117.1499939
440819.1271,5018739.018,2021-11-07T00:31:26,22.5,4.493181705,20.01000023,117.4511642
440787.0102,5018796.045,2021-11-07T00:37:26,22.29999924,5.393181801,20.01000023,117.5436478
440778.4066,5018881.332,2021-11-07T00:39:45,22.5,4.943181992,14.98999977,117.5556412
440829.3891,5018780.992,2021-11-07T00:48:59,24.10000038,6.688636303,7.510000229,117.6475525
440830.2393,5018767.902,2021-11-07T00:48:02,22.5,6.109090805,20.01000023,117.8329391
440756.6187,5018852.071,2021-11-07T00:36:59,21.79999924,4.786363602,20.01000023,117.9176407
440826.3728,5018775.048,2021-11-07T00:47:59,22.5,6.020454407,20.01000023,117.9519577
440764.2144,5018838.215,2021-11-07T00:37:06,22,5.099999905,20.01000023,118.0617981
440764.3915,5018902.189,2021-11-07T00:43:29,22.5,1.5,8.5,118.3178253
440767.2281,5018845.381,2021-11-07T00:40:52,22.60000038,5.502272606,20.01000023,118.7410812
440773.5743,5018847.106,2021-11-07T00:42:53,22.5,5.434091091,20.01000023,119.0436707
440788.1605,5018793.926,2021-11-07T00:37:27,22.29999924,5.3659091,20.01000023,119.0498581
440803.9873,5018827.936,2021-11-07T00:49:18,22.5,6.197727203,7.510000229,119.1876144
440777.1411,5018883.184,2021-11-07T00:39:46,22.5,5.011363506,14.98999977,119.1952438
440817.2921,5018779.405,2021-11-07T00:46:12,21.5,6.04090929,20.01000023,119.47715
440776.5528,5018867.059,2021-11-07T00:47:20,22.39999962,5.952272892,19,119.775238
440775.8885,5018842.827,2021-11-07T00:42:51,22.60000038,5.434091091,20.01000023,119.7839737
440852.7134,5018759.05,2021-11-07T00:38:48,23.29999924,5.256818295,20.01000023,119.9564438
440775.2775,5018869.376,2021-11-07T00:47:19,22.5,5.925000191,16.5,119.9619217
440758.7394,5018848.201,2021-11-07T00:37:01,21.89999962,4.963636398,20.01000023,119.9795456
440818.5668,5018777.018,2021-11-07T00:46:11,21.39999962,5.993181705,20.01000023,120.1704865
440789.2967,5018791.808,2021-11-07T00:37:28,22,5.393181801,20.01000023,120.2666702
440794.2437,5018862.327,2021-11-07T00:39:34,24.79999924,5.706818104,20.01000023,120.3279877
440765.3093,5018836.21,2021-11-07T00:37:07,22,5.099999905,20.01000023,120.4614334
440790.4611,5018789.689,2021-11-07T00:37:29,21.79999924,5.434091091,20.01000023,120.5704803
440791.6112,5018787.557,2021-11-07T00:37:30,21.79999924,5.393181801,20.01000023,120.5750427
440828.9365,5018770.303,2021-11-07T00:48:01,22.5,6.081818104,20.01000023,120.7605515
440781.1506,5018846.206,2021-11-07T00:46:39,22.5,6.422727108,20.01000023,120.7877197
440805.2896,5018825.493,2021-11-07T00:49:17,22.5,6.21818161,7.510000229,120.8796768
440774.0022,5018871.692,2021-11-07T00:47:18,22.60000038,5.925000191,13.47999954,121.0912476
440757.672,5018850.136,2021-11-07T00:37:00,21.79999924,4.902272701,20.01000023,121.1363602
440762.6987,5018853.981,2021-11-07T00:40:48,22.39999962,5.393181801,20.01000023,121.4559555
440774.7243,5018844.96,2021-11-07T00:42:52,22.60000038,5.434091091,20.01000023,121.5718002
440858.3305,5018761.189,2021-11-07T00:33:50,22.60000038,4.452272892,20.01000023,121.6505127
440771.5714,5018880.075,2021-11-07T00:44:18,22.39999962,4.745454311,20.01000023,122.1267319
440792.9949,5018864.46,2021-11-07T00:39:35,25,5.522727489,20.01000023,122.3036575
440795.5059,5018860.123,2021-11-07T00:39:33,24.5,5.747727394,20.01000023,122.8335342
440831.4591,5018734.083,2021-11-07T00:38:14,22.5,3.62045455,14.98999977,122.8441544
440771.4091,5018876.297,2021-11-07T00:47:16,22.79999924,5.836363792,8.989999771,122.8750916
440789.1719,5018870.215,2021-11-07T00:39:38,24.89999962,5.052272797,20.01000023,123.1422119
440766.0784,5018847.556,2021-11-07T00:40:51,22.60000038,5.461363792,20.01000023,123.6330338
440825.0839,5018777.421,2021-11-07T00:47:58,22.5,6.020454407,20.01000023,124.0111313
440843.3686,5018786.383,2021-11-07T00:34:04,22.10000038,4.609090805,20.01000023,124.1046066
440790.7269,5018828.567,2021-11-07T00:46:32,22.60000038,6.395454407,20.01000023,124.184433
440777.8137,5018864.715,2021-11-07T00:47:21,22.39999962,5.972727299,20.01000023,124.3479843
440795.4773,5018872.109,2021-11-07T00:34:48,24,3.736363649,20.01000023,124.4654846
440830.7742,5018778.351,2021-11-07T00:48:58,24.29999924,6.552272797,7.510000229,124.6093521
440842.3846,5018788.191,2021-11-07T00:34:05,21.79999924,4.609090805,20.01000023,125.1149521
440857.3037,5018762.955,2021-11-07T00:33:51,22.70000076,4.609090805,20.01000023,125.2538376
440791.759,5018866.467,2021-11-07T00:39:36,25.10000038,5.277272701,20.01000023,125.5946808
440825.3345,5018734.955,2021-11-07T00:31:59,21.29999924,4.363636494,12.5,125.9296265
440834.4943,5018736.022,2021-11-07T00:38:16,22.5,4.159090996,18.01000023,126.0341568
440790.5082,5018868.39,2021-11-07T00:39:37,25,5.120454311,20.01000023,126.3965759
440836.1535,5018737.06,2021-11-07T00:38:17,22.5,4.363636494,20.01000023,126.5111694
440824.0512,5018736.415,2021-11-07T00:31:58,21.10000038,4.3840909,12.01000023,127.023819
440844.3525,5018784.561,2021-11-07T00:34:03,22.20000076,4.561363697,20.01000023,127.3830719
440832.1457,5018775.767,2021-11-07T00:48:57,24.20000076,6.463636398,7.510000229,127.4654999
440805.4298,5018801.352,2021-11-07T00:46:21,22.39999962,6.21818161,20.01000023,127.6632156
440772.6986,5018873.995,2021-11-07T00:47:17,22.60000038,5.904545307,10.5,127.7761383
440764.9426,5018849.717,2021-11-07T00:40:50,22.5,5.413636208,20.01000023,128.4779358
440763.8066,5018851.849,2021-11-07T00:40:49,22.5,5.393181801,20.01000023,128.5142822
440829.9609,5018729.165,2021-11-07T00:32:27,21.29999924,2.304545403,2,128.6582642
440779.7642,5018848.706,2021-11-07T00:46:40,22.5,6.422727108,20.01000023,128.7392578
440796.7537,5018857.877,2021-11-07T00:39:32,24.39999962,5.815908909,20.01000023,128.8964996
440841.3864,5018789.999,2021-11-07T00:34:06,21.70000076,4.629545689,20.01000023,128.9672852
440856.221,5018764.764,2021-11-07T00:33:52,22.79999924,4.697727203,20.01000023,129.9510803
440787.9986,5018845.819,2021-11-07T00:47:29,22.5,6.020454407,20.01000023,130.0703125
440774.3177,5018858.734,2021-11-07T00:46:44,22.5,6.375,20.01000023,130.4660492
440845.3227,5018782.782,2021-11-07T00:34:02,22.20000076,4.561363697,20.01000023,130.5944061
440823.809,5018779.78,2021-11-07T00:47:57,22.5,5.993181705,20.01000023,130.6622009
440786.7237,5018848.177,2021-11-07T00:47:28,22.39999962,6.020454407,20.01000023,131.0470734
440849.7538,5018738.085,2021-11-07T00:33:06,22.5,4.315908909,2.49000001,131.3182373
440851.4355,5018761.085,2021-11-07T00:38:49,23,5.3659091,20.01000023,131.4861908
440779.0886,5018862.356,2021-11-07T00:47:22,22.39999962,5.993181705,20.01000023,132.0497284
440785.4347,5018850.536,2021-11-07T00:47:27,22.39999962,6.020454407,20.01000023,132.6649323
440789.2736,5018843.475,2021-11-07T00:47:30,22.70000076,5.972727299,20.01000023,133.2080688
440846.3069,5018780.988,2021-11-07T00:34:01,22.29999924,4.54090929,20.01000023,133.6987762
440772.7959,5018878.349,2021-11-07T00:44:19,22.39999962,4.745454311,20.01000023,133.928894
440784.1598,5018852.895,2021-11-07T00:47:26,22.39999962,6.020454407,20.01000023,134.2828064
440855.082,5018766.587,2021-11-07T00:33:53,22.70000076,4.806818008,20.01000023,135.2404022
440837.9822,5018738.125,2021-11-07T00:38:18,22.5,4.745454311,20.01000023,135.2937317
440840.3882,5018791.793,2021-11-07T00:34:07,21.70000076,4.629545689,20.01000023,135.3360443
440847.3055,5018779.236,2021-11-07T00:34:00,22.39999962,4.561363697,20.01000023,135.597168
440778.4062,5018851.22,2021-11-07T00:46:41,22.5,6.395454407,20.01000023,135.7526703
440792.0709,5018826.053,2021-11-07T00:46:31,22.70000076,6.395454407,20.01000023,135.7816162
440848.3323,5018777.47,2021-11-07T00:33:59,22.60000038,4.629545689,20.01000023,136.403595
440782.885,5018855.267,2021-11-07T00:47:25,22.29999924,6.020454407,20.01000023,136.4807892
440804.0993,5018803.795,2021-11-07T00:46:22,22.5,6.21818161,20.01000023,136.4940033
440822.5339,5018782.124,2021-11-07T00:47:56,22.5,5.993181705,20.01000023,136.7489624
440798.0153,5018855.603,2021-11-07T00:39:31,24.29999924,5.836363792,20.01000023,136.754837
440842.7814,5018762.825,2021-11-07T00:45:14,23.39999962,5.972727299,20.01000023,136.8311157
440780.3494,5018859.998,2021-11-07T00:47:23,22.29999924,5.993181705,20.01000023,137.1018524
440830.6864,5018729.861,2021-11-07T00:32:16,21.60000038,3.24545455,8.5,137.407135
440839.7223,5018732.755,2021-11-07T00:32:36,21.79999924,3.668181896,20.01000023,137.8075409
440781.6242,5018857.626,2021-11-07T00:47:24,22.29999924,5.993181705,20.01000023,138.3223419
440790.5343,5018841.102,2021-11-07T00:47:31,22.70000076,6.020454407,20.01000023,138.5984955
440839.3482,5018793.643,2021-11-07T00:34:08,21.70000076,4.745454311,20.01000023,138.7613831
440841.3364,5018733.485,2021-11-07T00:32:37,22.29999924,3.934090853,20.01000023,138.827179
440775.6759,5018856.234,2021-11-07T00:46:43,22.5,6.375,20.01000023,138.8585968
440853.9153,5018768.453,2021-11-07T00:33:54,22.70000076,4.922727108,20.01000023,138.9545288
440796.3663,5018870.695,2021-11-07T00:34:47,24,3.845454454,20.01000023,139.5398712
440777.0341,5018853.734,2021-11-07T00:46:42,22.5,6.375,20.01000023,139.6215515
440850.1156,5018763.163,2021-11-07T00:38:50,22.89999962,5.502272606,20.01000023,139.8264313
440838.2943,5018795.522,2021-11-07T00:34:09,21.70000076,4.83409071,20.01000023,140.2832794
440843.9629,5018741.469,2021-11-07T00:38:21,22.5,5.147727489,20.01000023,140.7836761
440849.4013,5018775.704,2021-11-07T00:33:58,22.70000076,4.677272797,20.01000023,141.0605469
440843.0077,5018734.312,2021-11-07T00:32:38,22.39999962,4.186363697,20.01000023,141.3451538
440838.222,5018732.123,2021-11-07T00:32:35,20.89999962,3.265909195,20.01000023,142.1228333
440837.2407,5018797.429,2021-11-07T00:34:10,21.70000076,4.854545593,20.01000023,142.2228546
440802.797,5018806.238,2021-11-07T00:46:23,22.60000038,6.21818161,20.01000023,143.3486023
440852.7485,5018770.319,2021-11-07T00:33:55,22.79999924,4.922727108,20.01000023,143.6958618
440774.1621,5018876.707,2021-11-07T00:44:20,21.70000076,4.765909195,20.01000023,143.8368225
440853.3781,5018739.695,2021-11-07T00:32:44,22.5,4.363636494,20.01000023,144.3453522
440799.3052,5018853.343,2021-11-07T00:39:30,24.20000076,5.795454502,20.01000023,144.8792725
440836.1729,5018799.322,2021-11-07T00:34:11,21.70000076,4.875,20.01000023,145.1541595
440848.782,5018765.283,2021-11-07T00:38:51,22.89999962,5.611363411,20.01000023,145.3000336
440836.8496,5018731.602,2021-11-07T00:32:34,21,2.843181849,20.01000023,145.6091919
440850.4983,5018773.923,2021-11-07T00:33:57,22.70000076,4.745454311,20.01000023,146.1899719
440755.2915,5018910.466,2021-11-07T00:36:25,21.89999962,3.156818151,4.989999771,146.3173218
440826.9623,5018803.356,2021-11-07T00:39:08,23.10000038,5.836363792,20.01000023,146.3649597
440791.8091,5018838.73,2021-11-07T00:47:32,22.79999924,6.04090929,20.01000023,146.3719025
440828.238,5018801.082,2021-11-07T00:39:07,23.10000038,5.815908909,20.01000023,146.4648132
440821.259,5018784.483,2021-11-07T00:47:55,22.5,5.993181705,20.01000023,146.4877472
440793.4288,5018823.525,2021-11-07T00:46:30,22.70000076,6.354545593,20.01000023,146.5804596
440825.6867,5018805.644,2021-11-07T00:39:09,23.20000076,5.863636494,20.01000023,146.7277527
440839.9241,5018739.245,2021-11-07T00:38:19,22.5,5.011363506,20.01000023,147.0409393
440830.7812,5018729.438,2021-11-07T00:32:28,21.39999962,3.334090948,1.50999999,147.0470734
440834.6714,5018730.849,2021-11-07T00:32:32,21.39999962,2.099999905,18.01000023,147.4568481
440829.528,5018798.822,2021-11-07T00:39:06,23,5.795454502,20.01000023,147.589798
440799.155,5018865.892,2021-11-07T00:34:44,23.79999924,4.943181992,20.01000023,148.0197601
440801.4805,5018808.668,2021-11-07T00:46:24,22.70000076,6.177272797,20.01000023,148.0382538
440851.6235,5018772.128,2021-11-07T00:33:56,22.79999924,4.806818008,20.01000023,148.168808
440824.3969,5018807.919,2021-11-07T00:39:10,23.29999924,5.863636494,20.01000023,148.589035
440844.7217,5018735.181,2021-11-07T00:32:39,22.5,4.295454502,20.01000023,148.9011993
440847.4348,5018767.446,2021-11-07T00:38:52,22.89999962,5.679545403,20.01000023,149.0935059
440830.7899,5018796.576,2021-11-07T00:39:05,23,5.747727394,20.01000023,149.2357178
440835.1052,5018801.228,2021-11-07T00:34:12,21.60000038,4.902272701,20.01000023,149.5494232
440797.2547,5018869.212,2021-11-07T00:34:46,23.89999962,4.070454597,20.01000023,149.6000671
440800.164,5018811.111,2021-11-07T00:46:25,22.70000076,6.21818161,20.01000023,150.1850433
440832.0377,5018794.33,2021-11-07T00:39:04,22.89999962,5.768181801,20.01000023,150.9968262
440800.567,5018851.083,2021-11-07T00:39:29,24.10000038,5.815908909,20.01000023,151.1125031
440784.4479,5018865.58,2021-11-07T00:44:27,22.20000076,5.052272797,20.01000023,151.2470856
440846.0874,5018769.594,2021-11-07T00:38:53,23.10000038,5.706818104,20.01000023,151.3788452
440822.7538,5018737.888,2021-11-07T00:31:57,21,4.315908909,10.01000023,151.5624542
440800.2509,5018863.985,2021-11-07T00:34:43,23.79999924,5.168181896,20.01000023,151.7542572
440785.7129,5018863.671,2021-11-07T00:44:28,22.39999962,5.147727489,20.01000023,151.8452148
440823.1212,5018810.193,2021-11-07T00:39:11,23.5,5.836363792,20.01000023,152.1846008
440775.6278,5018875.161,2021-11-07T00:44:21,21.5,4.786363602,20.01000023,152.3370514
440798.8196,5018813.568,2021-11-07T00:46:26,22.70000076,6.265909195,20.01000023,152.5251617
440831.8563,5018729.836,2021-11-07T00:32:29,21.39999962,3.109090805,2.49000001,153.0023041
440844.7402,5018771.771,2021-11-07T00:38:54,23.10000038,5.727272511,20.01000023,153.3662262
440841.9364,5018740.35,2021-11-07T00:38:20,22.5,5.120454311,20.01000023,153.4071503
440783.1257,5018867.405,2021-11-07T00:44:26,22.10000038,4.922727108,20.01000023,153.440506
440793.0837,5018836.343,2021-11-07T00:47:33,22.89999962,6.04090929,20.01000023,153.7917938
440833.3136,5018792.084,2021-11-07T00:39:03,22.79999924,5.795454502,20.01000023,153.8251953
440794.773,5018821.039,2021-11-07T00:46:29,22.70000076,6.354545593,20.01000023,153.8331451
440835.6613,5018731.177,2021-11-07T00:32:33,21.29999924,2.325000048,20.01000023,154.0173492
440834.0375,5018803.135,2021-11-07T00:34:13,21.70000076,4.922727108,20.01000023,154.2283936
440797.4754,5018816.054,2021-11-07T00:46:27,22.60000038,6.327272892,20.01000023,154.6960907
440798.1564,5018867.644,2021-11-07T00:34:45,23.79999924,4.336363792,20.01000023,155.4992371
440843.4216,5018773.975,2021-11-07T00:38:55,23.10000038,5.747727394,20.01000023,155.7592926
440821.8454,5018812.453,2021-11-07T00:39:12,23.89999962,5.815908909,20.01000023,156.0272675
440796.1311,5018818.54,2021-11-07T00:46:28,22.60000038,6.354545593,20.01000023,156.3254395
440846.4501,5018736.078,2021-11-07T00:32:40,22.5,4.336363792,20.01000023,156.469635
440819.984,5018786.827,2021-11-07T00:47:54,22.5,5.993181705,20.01000023,158.2554626
440781.7318,5018869.104,2021-11-07T00:44:25,22,4.806818008,20.01000023,158.360611
440777.1787,5018873.671,2021-11-07T00:44:22,21.5,4.83409071,20.01000023,158.4765778
440786.9774,5018861.706,2021-11-07T00:44:29,22.60000038,5.20909071,20.01000023,158.5286713
440851.6497,5018738.798,2021-11-07T00:32:43,22.5,4.3840909,20.01000023,158.6492615
440834.5754,5018789.824,2021-11-07T00:39:02,22.89999962,5.815908909,20.01000023,158.9095459
440801.3881,5018861.979,2021-11-07T00:34:42,23.60000038,5.256818295,20.01000023,159.1643066
440794.3586,5018833.984,2021-11-07T00:47:34,22.89999962,6.020454407,20.01000023,159.5384827
440832.956,5018805.071,2021-11-07T00:34:14,21.70000076,4.943181992,20.01000023,159.5548706
440842.1313,5018776.207,2021-11-07T00:38:56,23.20000076,5.747727394,20.01000023,159.749649
440801.8287,5018848.823,2021-11-07T00:39:28,23.89999962,5.836363792,20.01000023,159.9812012
440805.9639,5018853.814,2021-11-07T00:34:38,23.20000076,5.20909071,20.01000023,160.0756378
440831.8465,5018807.034,2021-11-07T00:34:15,21.70000076,5.03181839,20.01000023,161.1389923
440820.5836,5018814.713,2021-11-07T00:39:13,24,5.795454502,20.01000023,161.3102722
440848.1928,5018736.99,2021-11-07T00:32:41,22.5,4.3840909,20.01000023,161.4228516
440821.4703,5018739.334,2021-11-07T00:31:56,21.79999924,4.186363697,8.989999771,161.7814636
440778.7578,5018872.181,2021-11-07T00:44:23,21.70000076,4.83409071,20.01000023,162.1390076
440804.8269,5018855.848,2021-11-07T00:34:39,23.29999924,5.20909071,20.01000023,162.1774292
440830.7374,5018809.026,2021-11-07T00:34:16,21.79999924,5.120454311,20.01000023,162.4605103
440780.2805,5018870.692,2021-11-07T00:44:24,21.79999924,4.786363602,20.01000023,162.5212708
440795.6476,5018831.626,2021-11-07T00:47:35,22.70000076,6.020454407,20.01000023,162.7726593
440807.1009,5018851.78,2021-11-07T00:34:37,23.20000076,5.236363411,20.01000023,163.3840485
440849.9213,5018737.901,2021-11-07T00:32:42,22.5,4.3840909,20.01000023,163.6417236
440802.539,5018859.931,2021-11-07T00:34:41,23.60000038,5.256818295,20.01000023,164.6370087
440840.8693,5018778.439,2021-11-07T00:38:57,23.10000038,5.768181801,20.01000023,164.828949
440796.9366,5018829.267,2021-11-07T00:47:36,22.60000038,6.04090929,20.01000023,164.8437195
440813.9363,5018839.52,2021-11-07T00:34:31,23,5.236363411,20.01000023,165.1938324
440835.8513,5018787.564,2021-11-07T00:39:01,22.89999962,5.836363792,20.01000023,165.3997345
440829.6001,5018811.032,2021-11-07T00:34:17,21.89999962,5.147727489,20.01000023,165.6779175
440803.69,5018857.882,2021-11-07T00:34:40,23.39999962,5.236363411,20.01000023,165.7127991
440819.336,5018816.973,2021-11-07T00:39:14,24.20000076,5.768181801,20.01000023,166.1824646
440812.8135,5018841.568,2021-11-07T00:34:32,23.10000038,5.20909071,20.01000023,166.3063049
440788.2271,5018859.671,2021-11-07T00:44:30,22.79999924,5.3659091,20.01000023,166.5904999
440811.6908,5018843.616,2021-11-07T00:34:33,23.29999924,5.236363411,20.01000023,168.2273254
440828.477,5018813.037,2021-11-07T00:34:18,22,5.168181896,20.01000023,168.5996552
440839.6219,5018780.727,2021-11-07T00:38:58,23,5.815908909,20.01000023,168.6743469
440814.2749,5018826.013,2021-11-07T00:39:18,24.20000076,5.815908909,20.01000023,168.9085083
440818.0741,5018819.219,2021-11-07T00:39:15,24.20000076,5.795454502,20.01000023,169.094223
440813.5669,5018798.606,2021-11-07T00:47:49,22.89999962,5.993181705,20.01000023,169.1456451
440818.6949,5018789.186,2021-11-07T00:47:53,22.5,5.993181705,20.01000023,169.2116241
440815.5508,5018823.753,2021-11-07T00:39:17,24.20000076,5.815908909,20.01000023,169.7264709
440803.1043,5018846.534,2021-11-07T00:39:27,23.70000076,5.836363792,20.01000023,169.8370361
440813.0274,5018828.287,2021-11-07T00:39:19,24.20000076,5.795454502,20.01000023,169.9150696
440811.8223,5018830.575,2021-11-07T00:39:20,24.20000076,5.795454502,20.01000023,169.9150696
440810.603,5018832.849,2021-11-07T00:39:21,24.10000038,5.795454502,20.01000023,170.1392365
440837.1128,5018785.275,2021-11-07T00:39:00,22.89999962,5.836363792,20.01000023,170.3741608
440808.2377,5018849.732,2021-11-07T00:34:36,23.29999924,5.236363411,20.01000023,170.5255127
440812.292,5018800.964,2021-11-07T00:47:48,22.89999962,6.04090929,20.01000023,170.6127777
440816.8124,5018821.479,2021-11-07T00:39:16,24.20000076,5.795454502,20.01000023,170.7359161
440809.3697,5018835.136,2021-11-07T00:39:22,23.89999962,5.815908909,20.01000023,170.8088074
440815.0448,5018837.458,2021-11-07T00:34:30,23,5.20909071,20.01000023,171.161087
440838.3744,5018783.001,2021-11-07T00:38:59,22.89999962,5.836363792,20.01000023,171.2032318
440798.2256,5018826.909,2021-11-07T00:47:37,22.5,5.993181705,20.01000023,171.2405396
440814.842,5018796.262,2021-11-07T00:47:50,22.79999924,6.020454407,20.01000023,171.4144745
440810.5398,5018845.664,2021-11-07T00:34:34,23.5,5.256818295,20.01000023,171.7023315
440809.3888,5018847.698,2021-11-07T00:34:35,23.5,5.256818295,20.01000023,173.0722961
440827.3398,5018815.057,2021-11-07T00:34:19,22.10000038,5.168181896,20.01000023,173.1133728
440817.4199,5018791.53,2021-11-07T00:47:52,22.70000076,6.04090929,20.01000023,173.8661194
440816.1168,5018793.889,2021-11-07T00:47:51,22.79999924,6.020454407,20.01000023,175.0359039
440808.1363,5018837.41,2021-11-07T00:39:23,23.79999924,5.795454502,20.01000023,175.3502045
440820.5318,5018827.233,2021-11-07T00:34:25,22.79999924,5.20909071,20.01000023,176.2562103
440804.3516,5018844.246,2021-11-07T00:39:26,23.5,5.836363792,20.01000023,177.685791
440789.4765,5018857.594,2021-11-07T00:44:31,23,5.434091091,20.01000023,177.8581238
440860.8493,5018756.164,2021-11-07T00:33:47,23,3.531818151,10.98999977,178.1261597
440799.4866,5018824.564,2021-11-07T00:47:38,22.5,5.993181705,20.01000023,178.138855
440811.0173,5018803.351,2021-11-07T00:47:47,22.89999962,6.020454407,20.01000023,178.4259186
440798.048,5018842.549,2021-11-07T00:44:38,23.10000038,5.570454597,20.01000023,178.4772186
440821.6686,5018825.185,2021-11-07T00:34:24,22.60000038,5.236363411,20.01000023,179.0392914
440806.8748,5018839.698,2021-11-07T00:39:24,23.60000038,5.836363792,20.01000023,179.0966187
440823.4028,5018796.617,2021-11-07T00:44:59,24.39999962,5.795454502,20.01000023,179.2909088
440822.1411,5018798.877,2021-11-07T00:44:58,24.29999924,5.747727394,20.01000023,179.3656769
440826.2167,5018817.063,2021-11-07T00:34:20,22.20000076,5.168181896,20.01000023,179.5044708
440819.409,5018829.281,2021-11-07T00:34:26,22.79999924,5.20909071,20.01000023,179.5116119
440816.1393,5018835.41,2021-11-07T00:34:29,22.89999962,5.20909071,20.01000023,179.7435303
440841.3645,5018765.086,2021-11-07T00:45:13,23.29999924,5.8840909,20.01000023,179.9776306
440805.6273,5018841.972,2021-11-07T00:39:25,23.5,5.836363792,20.01000023,180.5649567
440820.9074,5018801.123,2021-11-07T00:44:57,24.20000076,5.727272511,20.01000023,180.6593628
440824.6646,5018794.357,2021-11-07T00:45:00,24.5,5.795454502,20.01000023,182.3241425
440853.7048,5018741.462,2021-11-07T00:33:09,22.20000076,4.090909004,6.989999771,182.7945862
440799.2823,5018840.374,2021-11-07T00:44:39,23.20000076,5.590909004,20.01000023,183.6277313
440825.9406,5018792.111,2021-11-07T00:45:01,24.60000038,5.795454502,20.01000023,184.9404449
440825.0797,5018819.097,2021-11-07T00:34:21,22.20000076,5.20909071,20.01000023,185.1248169
440822.8056,5018823.151,2021-11-07T00:34:23,22.5,5.20909071,20.01000023,185.811554
440818.3143,5018831.315,2021-11-07T00:34:27,22.79999924,5.188636303,20.01000023,185.8219452
440800.7756,5018822.206,2021-11-07T00:47:39,22.39999962,5.993181705,20.01000023,186.0885315
440817.2338,5018833.348,2021-11-07T00:34:28,22.89999962,5.188636303,20.01000023,186.5138092
440819.6595,5018803.354,2021-11-07T00:44:56,24,5.638636589,20.01000023,186.944046
440809.7282,5018805.696,2021-11-07T00:47:46,22.79999924,5.993181705,20.01000023,187.1503754
440823.9426,5018821.117,2021-11-07T00:34:22,22.39999962,5.20909071,20.01000023,188.3886414
440827.2166,5018789.865,2021-11-07T00:45:02,24.60000038,5.768181801,20.01000023,188.6861877
440800.5026,5018838.198,2021-11-07T00:44:40,23.39999962,5.611363411,20.01000023,191.0491333
440802.0646,5018819.847,2021-11-07T00:47:40,22.29999924,6.020454407,20.01000023,191.559082
440834.7175,5018776.403,2021-11-07T00:45:08,22.5,5.795454502,20.01000023,193.0287018
440808.4674,5018808.054,2021-11-07T00:47:45,22.70000076,5.972727299,20.01000023,193.3141479
440818.4536,5018805.558,2021-11-07T00:44:55,23.79999924,5.570454597,20.01000023,194.0227509
440808.8471,5018823.001,2021-11-07T00:44:47,23.39999962,5.522727489,20.01000023,194.1153564
440828.4786,5018787.633,2021-11-07T00:45:03,23.20000076,5.747727394,20.01000023,194.1314697
440810.0251,5018820.826,2021-11-07T00:44:48,23.39999962,5.522727489,20.01000023,194.5505981
440803.3395,5018817.488,2021-11-07T00:47:41,22.29999924,6.020454407,20.01000023,195.2039642
440833.4841,5018778.677,2021-11-07T00:45:07,22.5,5.768181801,20.01000023,195.2062073
440807.6831,5018825.162,2021-11-07T00:44:46,23.5,5.522727489,20.01000023,195.6006165
440804.6284,5018815.116,2021-11-07T00:47:42,22.5,6.04090929,20.01000023,195.6525574
440829.7406,5018785.401,2021-11-07T00:45:04,22.70000076,5.727272511,20.01000023,195.6696472
440811.217,5018818.637,2021-11-07T00:44:49,23.29999924,5.570454597,20.01000023,195.7279358
440835.9792,5018774.129,2021-11-07T00:45:09,22.5,5.836363792,20.01000023,195.8425598
440805.9173,5018812.743,2021-11-07T00:47:43,22.5,6.04090929,20.01000023,196.0551453
440807.1923,5018810.399,2021-11-07T00:47:44,22.60000038,5.993181705,20.01000023,196.1456757
440806.5052,5018827.337,2021-11-07T00:44:45,23.5,5.550000191,20.01000023,196.3695679
440831.0027,5018783.183,2021-11-07T00:45:05,22.5,5.727272511,20.01000023,196.6005402
440832.2505,5018780.937,2021-11-07T00:45:06,22.5,5.747727394,20.01000023,196.7471161
440805.3274,5018829.526,2021-11-07T00:44:44,23.5,5.550000191,20.01000023,197.66716
440801.7369,5018836.023,2021-11-07T00:44:41,23.5,5.590909004,20.01000023,197.9382782
440817.2334,5018807.733,2021-11-07T00:44:54,23.5,5.570454597,20.01000023,198.2341614
440804.1493,5018831.687,2021-11-07T00:44:43,23.39999962,5.570454597,20.01000023,198.4932861
440812.4089,5018816.448,2021-11-07T00:44:50,23.20000076,5.590909004,20.01000023,199.1455688
440816.0413,5018809.908,2021-11-07T00:44:53,23.39999962,5.590909004,20.01000023,199.4868164
440802.9291,5018833.862,2021-11-07T00:44:42,23.39999962,5.550000191,20.01000023,200.9572296
440813.6151,5018814.273,2021-11-07T00:44:51,23.29999924,5.570454597,20.01000023,201.7769165
440814.8212,5018812.097,2021-11-07T00:44:52,23.29999924,5.570454597,20.01000023,201.7769165
440832.875,5018730.22,2021-11-07T00:32:30,21.39999962,2.304545403,4.489999771,205.0955963
440837.297,5018771.841,2021-11-07T00:45:10,22.5,5.904545307,20.01000023,207.5848389
440833.7803,5018730.534,2021-11-07T00:32:31,21.39999962,2.038636446,8.5,213.6102448
440852.3399,5018740.239,2021-11-07T00:33:08,22.5,3.913636446,4.989999771,214.2969971
440840.0038,5018767.319,2021-11-07T00:45:12,22.79999924,5.863636494,20.01000023,214.4210968
440838.6433,5018769.566,2021-11-07T00:45:11,22.5,5.925000191,20.01000023,219.1817932
