X,Y,timestamp,moisture,speed,width,yield,inBoundary
440805.4227,5018755.474,2021-11-07T00:30:55,23.79999924,2.372727156,20.01000023,4.031039238,1
440806.5508,5018755.492,2021-11-07T00:30:56,24,2.529545546,20.01000023,10.3708334,1
440807.7349,5018755.481,2021-11-07T00:30:57,24,2.659090996,20.01000023,19.73117638,1
440808.947,5018755.441,2021-11-07T00:30:58,24,2.659090996,20.01000023,30.49363518,1
440810.1444,5018755.346,2021-11-07T00:30:59,24,2.706818104,20.01000023,34.36125183,1
440811.3979,5018755.208,2021-11-07T00:31:00,24,2.815909147,20.01000023,30.48929214,1
440812.3272,5018755.087,2021-11-07T00:31:01,24,1.725000024,20.01000023,41.47587967,1
440809.0254,5018757.787,2021-11-07T00:31:10,24,0.824999988,4,130.1484833,1
440808.8441,5018758,2021-11-07T00:31:11,23.89999962,1.029545426,16.5,25.31597519,1
440808.8989,5018757.831,2021-11-07T00:31:12,23.70000076,1.568181872,3.50999999,87.03981781,1
440810.3566,5018755.414,2021-11-07T00:31:15,23.29999924,4.029545307,4,92.6270752,1
440811.2034,5018754.015,2021-11-07T00:31:16,23.29999924,3.961363554,10.01000023,52.22542572,1
440811.939,5018752.772,2021-11-07T00:31:17,23.29999924,3.088636398,18.5,48.88569641,1
440812.5904,5018751.571,2021-11-07T00:31:18,23,3.088636398,20.01000023,59.45486832,1
440813.2405,5018750.244,2021-11-07T00:31:19,22.70000076,3.286363602,20.01000023,68.64306641,1
440813.9322,5018748.833,2021-11-07T00:31:20,22.5,3.511363745,20.01000023,72.02928162,1
440814.6655,5018747.35,2021-11-07T00:31:21,22.5,3.736363649,20.01000023,71.5970459,1
440815.4544,5018745.783,2021-11-07T00:31:22,22.5,3.913636446,20.01000023,76.43217468,1
440816.3134,5018744.173,2021-11-07T00:31:23,22.5,4.118181705,20.01000023,90.35194397,1
440817.2,5018742.493,2021-11-07T00:31:24,22.5,4.247727394,20.01000023,109.3524017,1
440818.1425,5018740.77,2021-11-07T00:31:25,22.5,4.3840909,20.01000023,122.0378952,1
440819.1271,5018739.018,2021-11-07T00:31:26,22.5,4.493181705,20.01000023,117.4511642,1
440820.1118,5018737.281,2021-11-07T00:31:27,22.5,4.452272892,20.01000023,104.3285522,1
440821.0689,5018735.614,2021-11-07T00:31:28,22.5,4.315908909,20.01000023,93.53784943,1
440821.9287,5018734.088,2021-11-07T00:31:29,22.5,3.913636446,20.01000023,95.69556427,1
440822.6915,5018732.746,2021-11-07T00:31:30,22.5,3.4909091,20.01000023,103.8004684,1
440823.4127,5018731.475,2021-11-07T00:31:31,22.5,3.265909195,20.01000023,103.5052261,1
440824.1061,5018730.246,2021-11-07T00:31:32,22.20000076,3.156818151,20.01000023,92.02945709,1
440824.8136,5018729.017,2021-11-07T00:31:33,21,3.12954545,20.01000023,73.66796112,1
440825.438,5018727.943,2021-11-07T00:31:34,20.5,2.256818295,20.01000023,75.16736603,1
440825.7989,5018727.335,2021-11-07T00:31:35,20.39999962,0.715909064,12.01000023,267.4034424,1
440814.8048,5018747.166,2021-11-07T00:31:49,22.39999962,3.531818151,0.980000019,42.23334885,1
440815.2634,5018746.46,2021-11-07T00:31:50,22.5,3.715909004,2.49000001,21.0375042,1
440815.9734,5018745.497,2021-11-07T00:31:51,22.5,3.688636303,2.49000001,37.08783722,1
440816.8796,5018744.407,2021-11-07T00:31:52,22.5,3.177272797,2.99000001,71.71351624,1
440817.9121,5018743.259,2021-11-07T00:31:53,22.5,3.443181753,4.989999771,87.8010788,1
440819.0284,5018742.026,2021-11-07T00:31:54,22.5,3.736363649,6,136.7536163,1
440820.2286,5018740.722,2021-11-07T00:31:55,22.5,3.981818199,7.510000229,165.9882965,1
440821.4703,5018739.334,2021-11-07T00:31:56,21.79999924,4.186363697,8.989999771,161.7814636,1
440822.7538,5018737.888,2021-11-07T00:31:57,21,4.315908909,10.01000023,151.5624542,1
440824.0512,5018736.415,2021-11-07T00:31:58,21.10000038,4.3840909,12.01000023,127.023819,1
440825.3345,5018734.955,2021-11-07T00:31:59,21.29999924,4.363636494,12.5,125.9296265,1
440826.6179,5018733.496,2021-11-07T00:32:00,21.29999924,4.363636494,14.98999977,108.7887497,1
440827.8592,5018732.065,2021-11-07T00:32:01,21.20000076,4.247727394,14.98999977,107.2368393,1
440828.9891,5018730.776,2021-11-07T00:32:02,21.29999924,3.313636303,16.98999977,99.18634796,1
440829.8817,5018729.742,2021-11-07T00:32:03,22,2.099999905,19,92.06189728,1
440830.5233,5018729.005,2021-11-07T00:32:04,22.39999962,1.029545426,20.01000023,120.6247025,1
440827.3457,5018729.92,2021-11-07T00:32:12,21.89999962,0.981818199,8.010000229,87.29963684,1
440827.4446,5018729.947,2021-11-07T00:32:13,22,1.881818175,8.5,55.11470413,1
440829.3052,5018729.902,2021-11-07T00:32:15,21.89999962,3.777272701,2.49000001,307.6254883,1
440830.6864,5018729.861,2021-11-07T00:32:16,21.60000038,3.24545455,8.5,137.407135,1
440832.1804,5018729.819,2021-11-07T00:32:17,21.29999924,3.313636303,17.48999977,69.06564331,1
440833.3787,5018729.807,2021-11-07T00:32:18,21.20000076,1.922727227,20.01000023,102.8841324,1
440834.0131,5018729.802,2021-11-07T00:32:19,21.20000076,0.559090912,12.01000023,574.7677002,1
440829.6216,5018729.07,2021-11-07T00:32:26,21.29999924,1.363636374,20.01000023,19.92134857,1
440829.9609,5018729.165,2021-11-07T00:32:27,21.29999924,2.304545403,2,128.6582642,1
440830.7812,5018729.438,2021-11-07T00:32:28,21.39999962,3.334090948,1.50999999,147.0470734,1
440831.8563,5018729.836,2021-11-07T00:32:29,21.39999962,3.109090805,2.49000001,153.0023041,1
440832.875,5018730.22,2021-11-07T00:32:30,21.39999962,2.304545403,4.489999771,205.0955963,1
440833.7803,5018730.534,2021-11-07T00:32:31,21.39999962,2.038636446,8.5,213.6102448,1
440834.6714,5018730.849,2021-11-07T00:32:32,21.39999962,2.099999905,18.01000023,147.4568481,1
440835.6613,5018731.177,2021-11-07T00:32:33,21.29999924,2.325000048,20.01000023,154.0173492,1
440836.8496,5018731.602,2021-11-07T00:32:34,21,2.843181849,20.01000023,145.6091919,1
440838.222,5018732.123,2021-11-07T00:32:35,20.89999962,3.265909195,20.01000023,142.1228333,1
440839.7223,5018732.755,2021-11-07T00:32:36,21.79999924,3.668181896,20.01000023,137.8075409,1
440841.3364,5018733.485,2021-11-07T00:32:37,22.29999924,3.934090853,20.01000023,138.827179,1
440843.0077,5018734.312,2021-11-07T00:32:38,22.39999962,4.186363697,20.01000023,141.3451538,1
440844.7217,5018735.181,2021-11-07T00:32:39,22.5,4.295454502,20.01000023,148.9011993,1
440846.4501,5018736.078,2021-11-07T00:32:40,22.5,4.336363792,20.01000023,156.469635,1
440848.1928,5018736.99,2021-11-07T00:32:41,22.5,4.3840909,20.01000023,161.4228516,1
440849.9213,5018737.901,2021-11-07T00:32:42,22.5,4.3840909,20.01000023,163.6417236,1
440851.6497,5018738.798,2021-11-07T00:32:43,22.5,4.3840909,20.01000023,158.6492615,1
440853.3781,5018739.695,2021-11-07T00:32:44,22.5,4.363636494,20.01000023,144.3453522,1
440855.1062,5018740.564,2021-11-07T00:32:45,22.5,4.295454502,20.01000023,127.3869553,1
440856.8202,5018741.433,2021-11-07T00:32:46,22.5,4.295454502,20.01000023,114.9313431,1
440858.5341,5018742.288,2021-11-07T00:32:47,22.39999962,4.295454502,20.01000023,113.9458542,1
440860.2058,5018743.158,2021-11-07T00:32:48,22.10000038,4.206818104,20.01000023,117.9586029,1
440861.8071,5018744.028,2021-11-07T00:32:49,21.89999962,4.070454597,20.01000023,115.6003723,1
440863.2386,5018744.844,2021-11-07T00:32:50,21.70000076,3.559090853,20.01000023,111.837532,1
440864.4151,5018745.521,2021-11-07T00:32:51,21.70000076,2.168181896,20.01000023,134.853714,1
440865.1521,5018745.936,2021-11-07T00:32:52,21.79999924,1.097727299,8.010000229,379.7394104,1
440848.6462,5018737.238,2021-11-07T00:33:05,22.5,4.295454502,0.49000001,323.6842041,1
440849.7538,5018738.085,2021-11-07T00:33:06,22.5,4.315908909,2.49000001,131.3182373,1
440851.0181,5018739.099,2021-11-07T00:33:07,22.5,3.647727251,2.99000001,249.8579254,1
440852.3399,5018740.239,2021-11-07T00:33:08,22.5,3.913636446,4.989999771,214.2969971,1
440853.7048,5018741.462,2021-11-07T00:33:09,22.20000076,4.090909004,6.989999771,182.7945862,1
440855.0699,5018742.714,2021-11-07T00:33:10,21.89999962,4.138636589,8.5,164.4954224,1
440856.4494,5018743.994,2021-11-07T00:33:11,21.79999924,4.206818104,10.01000023,144.5897675,1
440857.8288,5018745.26,2021-11-07T00:33:12,21.79999924,4.227272511,12.5,118.0149841,1
440859.2227,5018746.568,2021-11-07T00:33:13,21.79999924,4.247727394,14.01000023,102.3129578,1
440860.6022,5018747.847,2021-11-07T00:33:14,22,4.227272511,14.98999977,86.56606293,1
440861.8967,5018749.086,2021-11-07T00:33:15,22.20000076,3.845454454,16.98999977,74.02368164,1
440862.8926,5018750.046,2021-11-07T00:33:16,22.5,1.902272701,20.01000023,115.0591888,1
440860.3286,5018745.728,2021-11-07T00:33:25,22.79999924,1.5,8.010000229,56.48310089,1
440861.1136,5018748.264,2021-11-07T00:33:28,23.5,3.197727203,2,285.4109192,1
440861.3802,5018749.625,2021-11-07T00:33:29,23.60000038,3.12954545,6,160.9527283,1
440861.5912,5018751.084,2021-11-07T00:33:30,23.5,3.334090948,12.5,92.20637512,1
440861.7458,5018752.544,2021-11-07T00:33:31,23.29999924,3.286363602,20.01000023,57.12473679,1
440861.8435,5018753.934,2021-11-07T00:33:32,23.10000038,3.109090805,20.01000023,48.89712524,1
440861.8979,5018755.226,2021-11-07T00:33:33,22.89999962,2.686363697,20.01000023,43.22954559,1
440861.9346,5018756.139,2021-11-07T00:33:34,22.89999962,1.3840909,12.01000023,119.4063873,1
440862.467,5018751.273,2021-11-07T00:33:42,23.20000076,1.411363602,16.01000023,19.20748138,1
440862.3988,5018751.512,2021-11-07T00:33:43,23.20000076,2.618181705,6.5,31.17006493,1
440862.1946,5018752.287,2021-11-07T00:33:44,23.20000076,3.313636303,2,138.2537537,1
440861.8526,5018753.4,2021-11-07T00:33:45,23.20000076,3.62045455,2.49000001,240.7178192,1
440861.3996,5018754.711,2021-11-07T00:33:46,23.20000076,3.156818151,4,358.9851379,1
440860.8493,5018756.164,2021-11-07T00:33:47,23,3.531818151,10.98999977,178.1261597,1
440860.1452,5018757.758,2021-11-07T00:33:48,22.70000076,3.913636446,20.01000023,109.0841293,1
440859.2868,5018759.438,2021-11-07T00:33:49,22.60000038,4.227272511,20.01000023,116.6343842,1
440858.3305,5018761.189,2021-11-07T00:33:50,22.60000038,4.452272892,20.01000023,121.6505127,1
440857.3037,5018762.955,2021-11-07T00:33:51,22.70000076,4.609090805,20.01000023,125.2538376,1
440856.221,5018764.764,2021-11-07T00:33:52,22.79999924,4.697727203,20.01000023,129.9510803,1
440855.082,5018766.587,2021-11-07T00:33:53,22.70000076,4.806818008,20.01000023,135.2404022,1
440853.9153,5018768.453,2021-11-07T00:33:54,22.70000076,4.922727108,20.01000023,138.9545288,1
440852.7485,5018770.319,2021-11-07T00:33:55,22.79999924,4.922727108,20.01000023,143.6958618,1
440851.6235,5018772.128,2021-11-07T00:33:56,22.79999924,4.806818008,20.01000023,148.168808,1
440850.4983,5018773.923,2021-11-07T00:33:57,22.70000076,4.745454311,20.01000023,146.1899719,1
440849.4013,5018775.704,2021-11-07T00:33:58,22.70000076,4.677272797,20.01000023,141.0605469,1
440848.3323,5018777.47,2021-11-07T00:33:59,22.60000038,4.629545689,20.01000023,136.403595,1
440847.3055,5018779.236,2021-11-07T00:34:00,22.39999962,4.561363697,20.01000023,135.597168,1
440846.3069,5018780.988,2021-11-07T00:34:01,22.29999924,4.54090929,20.01000023,133.6987762,1
440845.3227,5018782.782,2021-11-07T00:34:02,22.20000076,4.561363697,20.01000023,130.5944061,1
440844.3525,5018784.561,2021-11-07T00:34:03,22.20000076,4.561363697,20.01000023,127.3830719,1
440843.3686,5018786.383,2021-11-07T00:34:04,22.10000038,4.609090805,20.01000023,124.1046066,1
440842.3846,5018788.191,2021-11-07T00:34:05,21.79999924,4.609090805,20.01000023,125.1149521,1
440841.3864,5018789.999,2021-11-07T00:34:06,21.70000076,4.629545689,20.01000023,128.9672852,1
440840.3882,5018791.793,2021-11-07T00:34:07,21.70000076,4.629545689,20.01000023,135.3360443,1
440839.3482,5018793.643,2021-11-07T00:34:08,21.70000076,4.745454311,20.01000023,138.7613831,1
440838.2943,5018795.522,2021-11-07T00:34:09,21.70000076,4.83409071,20.01000023,140.2832794,1
440837.2407,5018797.429,2021-11-07T00:34:10,21.70000076,4.854545593,20.01000023,142.2228546,1
440836.1729,5018799.322,2021-11-07T00:34:11,21.70000076,4.875,20.01000023,145.1541595,1
440835.1052,5018801.228,2021-11-07T00:34:12,21.60000038,4.902272701,20.01000023,149.5494232,1
440834.0375,5018803.135,2021-11-07T00:34:13,21.70000076,4.922727108,20.01000023,154.2283936,1
440832.956,5018805.071,2021-11-07T00:34:14,21.70000076,4.943181992,20.01000023,159.5548706,1
440831.8465,5018807.034,2021-11-07T00:34:15,21.70000076,5.03181839,20.01000023,161.1389923,1
440830.7374,5018809.026,2021-11-07T00:34:16,21.79999924,5.120454311,20.01000023,162.4605103,1
440829.6001,5018811.032,2021-11-07T00:34:17,21.89999962,5.147727489,20.01000023,165.6779175,1
440828.477,5018813.037,2021-11-07T00:34:18,22,5.168181896,20.01000023,168.5996552,1
440827.3398,5018815.057,2021-11-07T00:34:19,22.10000038,5.168181896,20.01000023,173.1133728,1
440826.2167,5018817.063,2021-11-07T00:34:20,22.20000076,5.168181896,20.01000023,179.5044708,1
440825.0797,5018819.097,2021-11-07T00:34:21,22.20000076,5.20909071,20.01000023,185.1248169,1
440823.9426,5018821.117,2021-11-07T00:34:22,22.39999962,5.20909071,20.01000023,188.3886414,1
440822.8056,5018823.151,2021-11-07T00:34:23,22.5,5.20909071,20.01000023,185.811554,1
440821.6686,5018825.185,2021-11-07T00:34:24,22.60000038,5.236363411,20.01000023,179.0392914,1
440820.5318,5018827.233,2021-11-07T00:34:25,22.79999924,5.20909071,20.01000023,176.2562103,1
440819.409,5018829.281,2021-11-07T00:34:26,22.79999924,5.20909071,20.01000023,179.5116119,1
440818.3143,5018831.315,2021-11-07T00:34:27,22.79999924,5.188636303,20.01000023,185.8219452,1
440817.2338,5018833.348,2021-11-07T00:34:28,22.89999962,5.188636303,20.01000023,186.5138092,1
440816.1393,5018835.41,2021-11-07T00:34:29,22.89999962,5.20909071,20.01000023,179.7435303,1
440815.0448,5018837.458,2021-11-07T00:34:30,23,5.20909071,20.01000023,171.161087,1
440813.9363,5018839.52,2021-11-07T00:34:31,23,5.236363411,20.01000023,165.1938324,1
440812.8135,5018841.568,2021-11-07T00:34:32,23.10000038,5.20909071,20.01000023,166.3063049,1
440811.6908,5018843.616,2021-11-07T00:34:33,23.29999924,5.236363411,20.01000023,168.2273254,1
440810.5398,5018845.664,2021-11-07T00:34:34,23.5,5.256818295,20.01000023,171.7023315,1
440809.3888,5018847.698,2021-11-07T00:34:35,23.5,5.256818295,20.01000023,173.0722961,1
440808.2377,5018849.732,2021-11-07T00:34:36,23.29999924,5.236363411,20.01000023,170.5255127,1
440807.1009,5018851.78,2021-11-07T00:34:37,23.20000076,5.236363411,20.01000023,163.3840485,1
440805.9639,5018853.814,2021-11-07T00:34:38,23.20000076,5.20909071,20.01000023,160.0756378,1
440804.8269,5018855.848,2021-11-07T00:34:39,23.29999924,5.20909071,20.01000023,162.1774292,1
440803.69,5018857.882,2021-11-07T00:34:40,23.39999962,5.236363411,20.01000023,165.7127991,1
440802.539,5018859.931,2021-11-07T00:34:41,23.60000038,5.256818295,20.01000023,164.6370087,1
440801.3881,5018861.979,2021-11-07T00:34:42,23.60000038,5.256818295,20.01000023,159.1643066,1
440800.2509,5018863.985,2021-11-07T00:34:43,23.79999924,5.168181896,20.01000023,151.7542572,1
440799.155,5018865.892,2021-11-07T00:34:44,23.79999924,4.943181992,20.01000023,148.0197601,1
440798.1564,5018867.644,2021-11-07T00:34:45,23.79999924,4.336363792,20.01000023,155.4992371,1
440797.2547,5018869.212,2021-11-07T00:34:46,23.89999962,4.070454597,20.01000023,149.6000671,1
440796.3663,5018870.695,2021-11-07T00:34:47,24,3.845454454,20.01000023,139.5398712,1
440795.4773,5018872.109,2021-11-07T00:34:48,24,3.736363649,20.01000023,124.4654846,1
440794.5593,5018873.438,2021-11-07T00:34:49,24,3.62045455,20.01000023,110.0061188,1
440793.6541,5018874.627,2021-11-07T00:34:50,24.29999924,3.334090948,20.01000023,104.0210342,1
440792.7897,5018875.661,2021-11-07T00:34:51,24.29999924,3.020454645,20.01000023,99.87968445,1
440791.9103,5018876.596,2021-11-07T00:34:52,24.10000038,2.8840909,20.01000023,91.66545105,1
440791.0163,5018877.476,2021-11-07T00:34:53,24.20000076,2.795454502,20.01000023,82.53504181,1
440790.0934,5018878.286,2021-11-07T00:34:54,24.29999924,2.75454545,20.01000023,72.43943787,1
440789.0996,5018879.04,2021-11-07T00:34:55,24.39999962,2.795454502,20.01000023,62.7987442,1
440788.0769,5018879.738,2021-11-07T00:34:56,24.60000038,2.75454545,20.01000023,58.40905762,1
440787.0541,5018880.408,2021-11-07T00:34:57,24.70000076,2.75454545,20.01000023,56.61595535,1
440786.0032,5018881.092,2021-11-07T00:34:58,24.79999924,2.775000095,20.01000023,55.27364349,1
440784.9945,5018881.776,2021-11-07T00:34:59,24.79999924,2.727272749,20.01000023,49.31896973,1
440784.028,5018882.445,2021-11-07T00:35:00,24.89999962,2.618181705,20.01000023,40.50442886,1
440783.1324,5018883.156,2021-11-07T00:35:01,24.89999962,2.570454597,20.01000023,31.17157936,1
440782.3078,5018883.923,2021-11-07T00:35:02,24.70000076,2.529545546,20.01000023,24.28710175,1
440781.5257,5018884.703,2021-11-07T00:35:03,24.20000076,2.461363554,20.01000023,20.29376411,1
440780.8427,5018885.538,2021-11-07T00:35:04,24,2.413636446,20.01000023,18.77349854,1
440780.2592,5018886.457,2021-11-07T00:35:05,24,2.440909147,20.01000023,21.49485588,1
440779.7607,5018887.417,2021-11-07T00:35:06,24,2.440909147,20.01000023,31.26524544,1
440779.3331,5018888.419,2021-11-07T00:35:07,24.20000076,2.440909147,20.01000023,47.74892044,1
440778.9762,5018889.448,2021-11-07T00:35:08,23.60000038,2.440909147,20.01000023,68.75268555,1
440778.6336,5018890.505,2021-11-07T00:35:09,22.70000076,2.481818199,20.01000023,89.91812134,1
440778.2917,5018891.632,2021-11-07T00:35:10,22.5,2.638636351,20.01000023,108.7562027,1
440777.9364,5018892.83,2021-11-07T00:35:11,22.5,2.795454502,20.01000023,132.2338715,1
440777.554,5018894.14,2021-11-07T00:35:12,22.5,3.061363697,20.01000023,146.9631195,1
440777.0881,5018895.578,2021-11-07T00:35:13,22.5,3.402272701,20.01000023,151.5368652,1
440776.5808,5018897.1,2021-11-07T00:35:14,22.5,3.579545498,20.01000023,156.9407349,1
440776.0031,5018898.637,2021-11-07T00:35:15,22.5,3.668181896,20.01000023,165.0821381,1
440775.3973,5018900.189,2021-11-07T00:35:16,22.5,3.736363649,20.01000023,164.0223236,1
440774.7631,5018901.712,2021-11-07T00:35:17,22.5,3.688636303,20.01000023,149.6620178,1
440774.1423,5018903.165,2021-11-07T00:35:18,22.20000076,3.531818151,20.01000023,129.9537964,1
440773.5069,5018904.562,2021-11-07T00:35:19,22.10000038,3.470454454,20.01000023,113.4036026,1
440772.8573,5018905.945,2021-11-07T00:35:20,22.29999924,3.422727346,20.01000023,105.4290543,1
440772.2489,5018907.216,2021-11-07T00:35:21,22.60000038,3.020454645,20.01000023,106.1432724,1
440771.737,5018908.246,2021-11-07T00:35:22,22.60000038,1.813636422,20.01000023,143.2928162,1
440771.3217,5018909.065,2021-11-07T00:35:23,22.60000038,1.363636374,20.01000023,137.1459503,1
440770.9618,5018909.771,2021-11-07T00:35:24,22.70000076,1.274999976,20.01000023,114.1485596,1
440770.7818,5018910.124,2021-11-07T00:35:25,22.89999962,0.4909091,8.010000229,677.1430664,1
440774.3973,5018901.786,2021-11-07T00:35:34,22.5,2.502272844,0.980000019,317.510376,1
440774.0508,5018902.421,2021-11-07T00:35:35,23.10000038,3.040909052,2.49000001,133.9182587,1
440773.4672,5018903.326,2021-11-07T00:35:36,23.5,3.334090948,2.49000001,179.3673096,1
440772.7153,5018904.331,2021-11-07T00:35:37,23.39999962,2.863636255,3.50999999,210.549118,1
440771.8086,5018905.365,2021-11-07T00:35:38,23,3.061363697,5.510000229,169.1115112,1
440770.8315,5018906.4,2021-11-07T00:35:39,22.70000076,3.197727203,7.510000229,157.6484528,1
440769.7696,5018907.421,2021-11-07T00:35:40,22.29999924,3.313636303,10.01000023,155.9139252,1
440768.6656,5018908.458,2021-11-07T00:35:41,22,3.375,12.98999977,147.4628296,1
440767.5474,5018909.48,2021-11-07T00:35:42,21.89999962,3.402272701,20.01000023,100.8462677,1
440766.4567,5018910.431,2021-11-07T00:35:43,22,3.265909195,20.01000023,93.68075562,1
440765.4075,5018911.298,2021-11-07T00:35:44,22.29999924,2.775000095,20.01000023,84.34884644,1
440764.6939,5018911.881,2021-11-07T00:35:45,22.5,1.322727323,12.01000023,199.1125793,1
440765.9163,5018911.434,2021-11-07T00:35:51,22.5,1.479545474,0.980000019,469.8641357,1
440765.4666,5018911.593,2021-11-07T00:35:52,22.5,2.168181896,3.50999999,102.3094711,1
440764.7639,5018911.824,2021-11-07T00:35:53,22.39999962,2.372727156,10.01000023,63.59727097,1
440763.8501,5018912.1,2021-11-07T00:35:54,22.20000076,2.618181705,16.98999977,66.9905014,1
440762.7817,5018912.419,2021-11-07T00:35:55,21.89999962,2.502272844,20.01000023,87.16783905,1
440761.6147,5018912.753,2021-11-07T00:35:56,21.70000076,2.686363697,20.01000023,82.3169632,1
440760.4476,5018913.073,2021-11-07T00:35:57,21.5,2.706818104,20.01000023,62.79275513,1
440759.3646,5018913.35,2021-11-07T00:35:58,21.5,2.372727156,20.01000023,47.75617599,1
440758.6474,5018913.54,2021-11-07T00:35:59,21.5,1.097727299,12.01000023,119.6407547,1
440762.1857,5018913.506,2021-11-07T00:36:09,22,1.274999976,4.989999771,69.28246307,1
440761.7618,5018913.412,2021-11-07T00:36:10,22,2.059090853,2.99000001,47.73051453,1
440761.027,5018913.222,2021-11-07T00:36:11,22,2.549999952,2,38.41328049,1
440760.0795,5018912.908,2021-11-07T00:36:12,22,3.088636398,2,23.78570557,1
440758.9332,5018912.441,2021-11-07T00:36:13,22,2.795454502,8.010000229,10.93645573,1
440757.7008,5018911.82,2021-11-07T00:36:14,22,3.088636398,18.5,11.14285278,1
440756.5243,5018911.143,2021-11-07T00:36:15,22,3.061363697,20.01000023,23.18609238,1
440755.5169,5018910.45,2021-11-07T00:36:16,22,2.325000048,20.01000023,44.21511841,1
440754.8641,5018909.992,2021-11-07T00:36:17,21.89999962,0.852272749,16.01000023,154.5419922,1
440756.1538,5018912.214,2021-11-07T00:36:22,21.70000076,1.3840909,12.01000023,50.28055191,1
440756.053,5018911.99,2021-11-07T00:36:23,21.79999924,2.195454597,6.989999771,57.593647,1
440755.7651,5018911.361,2021-11-07T00:36:24,21.89999962,2.706818104,2.49000001,203.726532,1
440755.2915,5018910.466,2021-11-07T00:36:25,21.89999962,3.156818151,4.989999771,146.3173218,1
440754.7454,5018909.361,2021-11-07T00:36:26,21.89999962,2.775000095,13.47999954,95.70133209,1
440754.1701,5018908.144,2021-11-07T00:36:27,21.89999962,3.020454645,20.01000023,76.27047729,1
440753.5937,5018906.814,2021-11-07T00:36:28,21.89999962,3.197727203,20.01000023,78.93992615,1
440753.059,5018905.428,2021-11-07T00:36:29,21.89999962,3.354545355,20.01000023,75.24964142,1
440752.5373,5018903.916,2021-11-07T00:36:30,21.79999924,3.579545498,20.01000023,71.29549408,1
440752.0291,5018902.333,2021-11-07T00:36:31,21.89999962,3.715909004,20.01000023,71.88897705,1
440751.5768,5018900.707,2021-11-07T00:36:32,21.89999962,3.804545403,20.01000023,76.65581512,1
440751.1384,5018899.067,2021-11-07T00:36:33,21.89999962,3.804545403,20.01000023,79.87664795,1
440750.7282,5018897.413,2021-11-07T00:36:34,21.89999962,3.825000048,20.01000023,77.52732849,1
440750.3457,5018895.716,2021-11-07T00:36:35,22.10000038,3.913636446,20.01000023,72.45441437,1
440749.963,5018893.992,2021-11-07T00:36:36,22.29999924,3.981818199,20.01000023,72.25559235,1
440749.5651,5018892.155,2021-11-07T00:36:37,22.29999924,4.186363697,20.01000023,73.38452148,1
440749.1808,5018890.261,2021-11-07T00:36:38,22.29999924,4.336363792,20.01000023,71.40834045,1
440748.824,5018888.298,2021-11-07T00:36:39,22.20000076,4.472727299,20.01000023,63.86205673,1
440748.5091,5018886.291,2021-11-07T00:36:40,22.20000076,4.561363697,20.01000023,54.05752182,1
440748.2363,5018884.256,2021-11-07T00:36:41,22.29999924,4.588636398,20.01000023,45.69678879,1
440748.0342,5018882.249,2021-11-07T00:36:42,22.29999924,4.54090929,20.01000023,40.27071381,1
440747.9177,5018880.353,2021-11-07T00:36:43,22.29999924,4.275000095,20.01000023,34.79081345,1
440747.8866,5018878.541,2021-11-07T00:36:44,22.5,4.050000191,20.01000023,28.22243118,1
440747.9546,5018876.77,2021-11-07T00:36:45,22.60000038,3.961363554,20.01000023,22.07235336,1
440748.1074,5018875.026,2021-11-07T00:36:46,22.79999924,3.913636446,20.01000023,20.42681503,1
440748.3169,5018873.31,2021-11-07T00:36:47,23,3.913636446,20.01000023,24.69563103,1
440748.6249,5018871.579,2021-11-07T00:36:48,23.10000038,3.913636446,20.01000023,33.29580307,1
440749.0035,5018869.861,2021-11-07T00:36:49,23.20000076,3.961363554,20.01000023,45.62760162,1
440749.4666,5018868.128,2021-11-07T00:36:50,22.79999924,3.981818199,20.01000023,61.44791031,1
440750.0003,5018866.409,2021-11-07T00:36:51,22.5,4.029545307,20.01000023,76.04419708,1
440750.6188,5018864.717,2021-11-07T00:36:52,22.29999924,4.050000191,20.01000023,86.08984375,1
440751.2938,5018863.039,2021-11-07T00:36:53,22,4.070454597,20.01000023,92.00109863,1
440752.039,5018861.317,2021-11-07T00:36:54,21.79999924,4.206818104,20.01000023,93.33034515,1
440752.868,5018859.525,2021-11-07T00:36:55,21.70000076,4.431818008,20.01000023,94.24940491,1
440753.753,5018857.676,2021-11-07T00:36:56,21.70000076,4.561363697,20.01000023,97.49795532,1
440754.6661,5018855.827,2021-11-07T00:36:57,21.70000076,4.629545689,20.01000023,103.4922638,1
440755.6212,5018853.949,2021-11-07T00:36:58,21.79999924,4.697727203,20.01000023,111.2623978,1
440756.6187,5018852.071,2021-11-07T00:36:59,21.79999924,4.786363602,20.01000023,117.9176407,1
440757.672,5018850.136,2021-11-07T00:37:00,21.79999924,4.902272701,20.01000023,121.1363602,1
440758.7394,5018848.201,2021-11-07T00:37:01,21.89999962,4.963636398,20.01000023,119.9795456,1
440759.8347,5018846.238,2021-11-07T00:37:02,22,5.03181839,20.01000023,113.3379745,1
440760.9296,5018844.232,2021-11-07T00:37:03,22.10000038,5.120454311,20.01000023,105.9819183,1
440762.0244,5018842.213,2021-11-07T00:37:04,22.10000038,5.147727489,20.01000023,104.4706955,1
440763.1195,5018840.221,2021-11-07T00:37:05,22.10000038,5.099999905,20.01000023,110.7207794,1
440764.2144,5018838.215,2021-11-07T00:37:06,22,5.099999905,20.01000023,118.0617981,1
440765.3093,5018836.21,2021-11-07T00:37:07,22,5.099999905,20.01000023,120.4614334,1
440766.4041,5018834.19,2021-11-07T00:37:08,22,5.168181896,20.01000023,113.1890945,1
440767.5126,5018832.128,2021-11-07T00:37:09,22,5.256818295,20.01000023,101.5028,1
440768.6348,5018830.024,2021-11-07T00:37:10,22,5.324999809,20.01000023,90.09090424,1
440769.7711,5018827.92,2021-11-07T00:37:11,22.10000038,5.3659091,20.01000023,81.08938599,1
440770.9355,5018825.801,2021-11-07T00:37:12,22.39999962,5.413636208,20.01000023,72.86811066,1
440772.0858,5018823.683,2021-11-07T00:37:13,22.70000076,5.413636208,20.01000023,66.31350708,1
440773.2501,5018821.564,2021-11-07T00:37:14,22.89999962,5.393181801,20.01000023,58.76659012,1
440774.4005,5018819.46,2021-11-07T00:37:15,22.79999924,5.413636208,20.01000023,52.35569763,1
440775.5648,5018817.327,2021-11-07T00:37:16,22.70000076,5.434091091,20.01000023,49.54792023,1
440776.7006,5018815.167,2021-11-07T00:37:17,22.79999924,5.461363792,20.01000023,51.89815903,1
440777.8504,5018813.006,2021-11-07T00:37:18,22.89999962,5.481818199,20.01000023,58.69907761,1
440778.9864,5018810.86,2021-11-07T00:37:19,22.89999962,5.434091091,20.01000023,68.56430054,1
440780.1224,5018808.727,2021-11-07T00:37:20,23,5.413636208,20.01000023,80.78488159,1
440781.2444,5018806.595,2021-11-07T00:37:21,22.79999924,5.393181801,20.01000023,94.77735138,1
440782.3945,5018804.463,2021-11-07T00:37:22,22.60000038,5.393181801,20.01000023,105.8311768,1
440783.5308,5018802.358,2021-11-07T00:37:23,22.5,5.3659091,20.01000023,112.3983536,1
440784.6812,5018800.254,2021-11-07T00:37:24,22.39999962,5.393181801,20.01000023,114.2318115,1
440785.8457,5018798.149,2021-11-07T00:37:25,22.29999924,5.393181801,20.01000023,116.1873779,1
440787.0102,5018796.045,2021-11-07T00:37:26,22.29999924,5.393181801,20.01000023,117.5436478,1
440788.1605,5018793.926,2021-11-07T00:37:27,22.29999924,5.3659091,20.01000023,119.0498581,1
440789.2967,5018791.808,2021-11-07T00:37:28,22,5.393181801,20.01000023,120.2666702,1
440790.4611,5018789.689,2021-11-07T00:37:29,21.79999924,5.434091091,20.01000023,120.5704803,1
440791.6112,5018787.557,2021-11-07T00:37:30,21.79999924,5.393181801,20.01000023,120.5750427,1
440792.7759,5018785.466,2021-11-07T00:37:31,22.20000076,5.393181801,20.01000023,116.3369141,1
440793.9405,5018783.376,2021-11-07T00:37:32,22.39999962,5.345454693,20.01000023,111.1518707,1
440795.0909,5018781.271,2021-11-07T00:37:33,22.5,5.393181801,20.01000023,101.0077133,1
440796.2696,5018779.167,2021-11-07T00:37:34,22.5,5.413636208,20.01000023,90.29393005,1
440797.4339,5018777.048,2021-11-07T00:37:35,22.5,5.413636208,20.01000023,80.86023712,1
440798.6124,5018774.929,2021-11-07T00:37:36,22.5,5.413636208,20.01000023,74.57110596,1
440799.791,5018772.824,2021-11-07T00:37:37,22.5,5.413636208,20.01000023,70.52809143,1
440800.9836,5018770.706,2021-11-07T00:37:38,22.5,5.434091091,20.01000023,65.33975983,1
440802.1483,5018768.615,2021-11-07T00:37:39,22.5,5.393181801,20.01000023,57.71869278,1
440803.3411,5018766.524,2021-11-07T00:37:40,22.5,5.3659091,20.01000023,46.22835541,1
440804.5338,5018764.419,2021-11-07T00:37:41,22.5,5.413636208,20.01000023,33.24254227,1
440805.7688,5018762.314,2021-11-07T00:37:42,22.5,5.461363792,20.01000023,22.26488686,1
440807.0464,5018760.237,2021-11-07T00:37:43,22.5,5.434091091,8.010000229,40.24776459,1
440808.2396,5018758.188,2021-11-07T00:37:44,22.5,5.413636208,1.50999999,160.7297974,1
440809.3345,5018756.168,2021-11-07T00:37:45,22.5,5.099999905,0.49000001,408.9325562,1
440810.3871,5018754.163,2021-11-07T00:37:46,22.5,5.052272797,2.49000001,65.75994873,1
440811.4401,5018752.186,2021-11-07T00:37:47,22.5,5.011363506,1.50999999,96.46217346,1
440828.8069,5018732.394,2021-11-07T00:38:12,22.60000038,3.177272797,9.510000229,135.1083527,1
440830.0834,5018733.211,2021-11-07T00:38:13,22.5,3.402272701,14.98999977,103.0508728,1
440831.4591,5018734.083,2021-11-07T00:38:14,22.5,3.62045455,14.98999977,122.8441544,1
440832.9341,5018735.025,2021-11-07T00:38:15,22.5,3.934090853,17.48999977,116.6939697,1
440834.4943,5018736.022,2021-11-07T00:38:16,22.5,4.159090996,18.01000023,126.0341568,1
440836.1535,5018737.06,2021-11-07T00:38:17,22.5,4.363636494,20.01000023,126.5111694,1
440837.9822,5018738.125,2021-11-07T00:38:18,22.5,4.745454311,20.01000023,135.2937317,1
440839.9241,5018739.245,2021-11-07T00:38:19,22.5,5.011363506,20.01000023,147.0409393,1
440841.9364,5018740.35,2021-11-07T00:38:20,22.5,5.120454311,20.01000023,153.4071503,1
440843.9629,5018741.469,2021-11-07T00:38:21,22.5,5.147727489,20.01000023,140.7836761,1
440846.0034,5018742.574,2021-11-07T00:38:22,22.5,5.20909071,20.01000023,107.8453979,1
440848.0583,5018743.707,2021-11-07T00:38:23,22.5,5.236363411,18.01000023,85.1410675,1
440850.1133,5018744.854,2021-11-07T00:38:24,23,5.277272701,16.01000023,72.67591858,1
440852.1824,5018746.001,2021-11-07T00:38:25,23.5,5.256818295,14.01000023,69.13582611,1
440854.2374,5018747.148,2021-11-07T00:38:26,23.70000076,5.256818295,12.5,61.97370529,1
440856.2784,5018748.309,2021-11-07T00:38:27,23.79999924,5.256818295,10.01000023,54.55645752,1
440859.1286,5018748.564,2021-11-07T00:38:42,25,3.647727251,4,293.7090149,1
440858.3936,5018749.863,2021-11-07T00:38:43,24.79999924,4.71818161,8.989999771,159.1902466,1
440857.4498,5018751.46,2021-11-07T00:38:44,24.5,4.363636494,17.48999977,107.4611893,1
440856.3526,5018753.227,2021-11-07T00:38:45,24.20000076,4.650000095,18.5,107.3354568,1
440855.186,5018755.107,2021-11-07T00:38:46,23.79999924,4.963636398,20.01000023,102.127037,1
440853.9636,5018757.057,2021-11-07T00:38:47,23.60000038,5.168181896,20.01000023,108.083992,1
440852.7134,5018759.05,2021-11-07T00:38:48,23.29999924,5.256818295,20.01000023,119.9564438,1
440851.4355,5018761.085,2021-11-07T00:38:49,23,5.3659091,20.01000023,131.4861908,1
440850.1156,5018763.163,2021-11-07T00:38:50,22.89999962,5.502272606,20.01000023,139.8264313,1
440848.782,5018765.283,2021-11-07T00:38:51,22.89999962,5.611363411,20.01000023,145.3000336,1
440847.4348,5018767.446,2021-11-07T00:38:52,22.89999962,5.679545403,20.01000023,149.0935059,1
440846.0874,5018769.594,2021-11-07T00:38:53,23.10000038,5.706818104,20.01000023,151.3788452,1
440844.7402,5018771.771,2021-11-07T00:38:54,23.10000038,5.727272511,20.01000023,153.3662262,1
440843.4216,5018773.975,2021-11-07T00:38:55,23.10000038,5.747727394,20.01000023,155.7592926,1
440842.1313,5018776.207,2021-11-07T00:38:56,23.20000076,5.747727394,20.01000023,159.749649,1
440840.8693,5018778.439,2021-11-07T00:38:57,23.10000038,5.768181801,20.01000023,164.828949,1
440839.6219,5018780.727,2021-11-07T00:38:58,23,5.815908909,20.01000023,168.6743469,1
440838.3744,5018783.001,2021-11-07T00:38:59,22.89999962,5.836363792,20.01000023,171.2032318,1
440837.1128,5018785.275,2021-11-07T00:39:00,22.89999962,5.836363792,20.01000023,170.3741608,1
440835.8513,5018787.564,2021-11-07T00:39:01,22.89999962,5.836363792,20.01000023,165.3997345,1
440834.5754,5018789.824,2021-11-07T00:39:02,22.89999962,5.815908909,20.01000023,158.9095459,1
440833.3136,5018792.084,2021-11-07T00:39:03,22.79999924,5.795454502,20.01000023,153.8251953,1
440832.0377,5018794.33,2021-11-07T00:39:04,22.89999962,5.768181801,20.01000023,150.9968262,1
440830.7899,5018796.576,2021-11-07T00:39:05,23,5.747727394,20.01000023,149.2357178,1
440829.528,5018798.822,2021-11-07T00:39:06,23,5.795454502,20.01000023,147.589798,1
440828.238,5018801.082,2021-11-07T00:39:07,23.10000038,5.815908909,20.01000023,146.4648132,1
440826.9623,5018803.356,2021-11-07T00:39:08,23.10000038,5.836363792,20.01000023,146.3649597,1
440825.6867,5018805.644,2021-11-07T00:39:09,23.20000076,5.863636494,20.01000023,146.7277527,1
440824.3969,5018807.919,2021-11-07T00:39:10,23.29999924,5.863636494,20.01000023,148.589035,1
440823.1212,5018810.193,2021-11-07T00:39:11,23.5,5.836363792,20.01000023,152.1846008,1
440821.8454,5018812.453,2021-11-07T00:39:12,23.89999962,5.815908909,20.01000023,156.0272675,1
440820.5836,5018814.713,2021-11-07T00:39:13,24,5.795454502,20.01000023,161.3102722,1
440819.336,5018816.973,2021-11-07T00:39:14,24.20000076,5.768181801,20.01000023,166.1824646,1
440818.0741,5018819.219,2021-11-07T00:39:15,24.20000076,5.795454502,20.01000023,169.094223,1
440816.8124,5018821.479,2021-11-07T00:39:16,24.20000076,5.795454502,20.01000023,170.7359161,1
440815.5508,5018823.753,2021-11-07T00:39:17,24.20000076,5.815908909,20.01000023,169.7264709,1
440814.2749,5018826.013,2021-11-07T00:39:18,24.20000076,5.815908909,20.01000023,168.9085083,1
440813.0274,5018828.287,2021-11-07T00:39:19,24.20000076,5.795454502,20.01000023,169.9150696,1
440811.8223,5018830.575,2021-11-07T00:39:20,24.20000076,5.795454502,20.01000023,169.9150696,1
440810.603,5018832.849,2021-11-07T00:39:21,24.10000038,5.795454502,20.01000023,170.1392365,1
440809.3697,5018835.136,2021-11-07T00:39:22,23.89999962,5.815908909,20.01000023,170.8088074,1
440808.1363,5018837.41,2021-11-07T00:39:23,23.79999924,5.795454502,20.01000023,175.3502045,1
440806.8748,5018839.698,2021-11-07T00:39:24,23.60000038,5.836363792,20.01000023,179.0966187,1
440805.6273,5018841.972,2021-11-07T00:39:25,23.5,5.836363792,20.01000023,180.5649567,1
440804.3516,5018844.246,2021-11-07T00:39:26,23.5,5.836363792,20.01000023,177.685791,1
440803.1043,5018846.534,2021-11-07T00:39:27,23.70000076,5.836363792,20.01000023,169.8370361,1
440801.8287,5018848.823,2021-11-07T00:39:28,23.89999962,5.836363792,20.01000023,159.9812012,1
440800.567,5018851.083,2021-11-07T00:39:29,24.10000038,5.815908909,20.01000023,151.1125031,1
440799.3052,5018853.343,2021-11-07T00:39:30,24.20000076,5.795454502,20.01000023,144.8792725,1
440798.0153,5018855.603,2021-11-07T00:39:31,24.29999924,5.836363792,20.01000023,136.754837,1
440796.7537,5018857.877,2021-11-07T00:39:32,24.39999962,5.815908909,20.01000023,128.8964996,1
440795.5059,5018860.123,2021-11-07T00:39:33,24.5,5.747727394,20.01000023,122.8335342,1
440794.2437,5018862.327,2021-11-07T00:39:34,24.79999924,5.706818104,20.01000023,120.3279877,1
440792.9949,5018864.46,2021-11-07T00:39:35,25,5.522727489,20.01000023,122.3036575,1
440791.759,5018866.467,2021-11-07T00:39:36,25.10000038,5.277272701,20.01000023,125.5946808,1
440790.5082,5018868.39,2021-11-07T00:39:37,25,5.120454311,20.01000023,126.3965759,1
440789.1719,5018870.215,2021-11-07T00:39:38,24.89999962,5.052272797,20.01000023,123.1422119,1
440787.7219,5018871.943,2021-11-07T00:39:39,24.89999962,5.052272797,20.01000023,115.2126007,1
440786.1436,5018873.517,2021-11-07T00:39:40,24.60000038,4.9909091,20.01000023,106.1914597,1
440784.5081,5018875.008,2021-11-07T00:39:41,24,4.963636398,20.01000023,97.53479004,1
440782.8583,5018876.471,2021-11-07T00:39:42,22.89999962,4.922727108,18.5,100.4698257,1
440781.2653,5018877.989,2021-11-07T00:39:43,22.60000038,4.922727108,17.48999977,103.2983627,1
440779.7861,5018879.605,2021-11-07T00:39:44,22.5,4.922727108,16.01000023,111.1409378,1
440778.4066,5018881.332,2021-11-07T00:39:45,22.5,4.943181992,14.98999977,117.5556412,1
440777.1411,5018883.184,2021-11-07T00:39:46,22.5,5.011363506,14.98999977,119.1952438,1
440775.9612,5018885.149,2021-11-07T00:39:47,22.5,5.120454311,14.98999977,125.5317841,1
440774.8663,5018887.154,2021-11-07T00:39:48,22.5,5.120454311,16.5,122.1074219,1
440773.8705,5018889.215,2021-11-07T00:39:49,22.5,5.168181896,17.48999977,115.7469406,1
440772.9174,5018891.303,2021-11-07T00:39:50,22.5,5.120454311,19,102.5393143,1
440772.0065,5018893.392,2021-11-07T00:39:51,22.5,5.099999905,20.01000023,91.07826996,1
440771.138,5018895.493,2021-11-07T00:39:52,22.5,5.079545498,20.01000023,85.69979095,1
440770.2697,5018897.609,2021-11-07T00:39:53,22.5,5.120454311,20.01000023,75.99115753,1
440769.3874,5018899.739,2021-11-07T00:39:54,22.5,5.168181896,20.01000023,58.81983566,1
440768.5191,5018901.855,2021-11-07T00:39:55,22.5,5.147727489,18.01000023,38.84196091,1
440767.6504,5018903.929,2021-11-07T00:39:56,22.5,5.03181839,13.47999954,27.26260948,1
440766.7672,5018905.96,2021-11-07T00:39:57,22.5,4.9909091,7.510000229,32.457798,1
440760.2373,5018913.202,2021-11-07T00:40:18,23.60000038,0.920454562,1.50999999,310.6372375,1
440760.0497,5018912.74,2021-11-07T00:40:19,23.70000076,2.215909004,9.510000229,22.73468971,1
440759.7882,5018911.913,2021-11-07T00:40:20,23.79999924,2.8840909,14.98999977,17.7076664,1
440759.5101,5018910.82,2021-11-07T00:40:21,23.89999962,2.618181705,14.98999977,41.39606857,1
440759.2729,5018909.585,2021-11-07T00:40:22,23.70000076,2.815909147,14.98999977,82.8560257,1
440759.0343,5018908.197,2021-11-07T00:40:23,23.29999924,3.177272797,16.01000023,113.6129227,1
440758.7795,5018906.583,2021-11-07T00:40:24,23,3.668181896,17.48999977,112.2879868,1
440758.4671,5018904.844,2021-11-07T00:40:25,22.79999924,3.981818199,19.48999977,101.8142548,1
440758.111,5018902.95,2021-11-07T00:40:26,22.60000038,4.295454502,20.01000023,94.4274292,1
440757.7116,5018900.945,2021-11-07T00:40:27,22.5,4.588636398,20.01000023,88.5083847,1
440757.2547,5018898.827,2021-11-07T00:40:28,22.39999962,4.854545593,20.01000023,81.76183319,1
440756.7832,5018896.654,2021-11-07T00:40:29,22.60000038,5.011363506,20.01000023,76.09122467,1
440756.3111,5018894.424,2021-11-07T00:40:30,22.79999924,5.099999905,20.01000023,69.82554626,1
440755.8387,5018892.152,2021-11-07T00:40:31,23.10000038,5.188636303,20.01000023,61.85497284,1
440755.3943,5018889.866,2021-11-07T00:40:32,23.10000038,5.236363411,20.01000023,50.6919632,1
440754.9777,5018887.537,2021-11-07T00:40:33,23.10000038,5.277272701,20.01000023,38.41014481,1
440754.6173,5018885.194,2021-11-07T00:40:34,23.10000038,5.324999809,20.01000023,27.64307976,1
440754.3417,5018882.864,2021-11-07T00:40:35,23.10000038,5.277272701,20.01000023,21.03412819,1
440754.193,5018880.533,2021-11-07T00:40:36,23.29999924,5.236363411,20.01000023,19.30477333,1
440754.1711,5018878.201,2021-11-07T00:40:37,23.39999962,5.20909071,20.01000023,21.68775368,1
440754.3188,5018875.909,2021-11-07T00:40:38,23.5,5.168181896,20.01000023,29.72716522,1
440754.6498,5018873.63,2021-11-07T00:40:39,23.29999924,5.147727489,20.01000023,43.94986725,1
440755.1505,5018871.391,2021-11-07T00:40:40,22.89999962,5.147727489,20.01000023,59.21875381,1
440755.7779,5018869.151,2021-11-07T00:40:41,22.5,5.188636303,20.01000023,71.24295807,1
440756.5324,5018866.924,2021-11-07T00:40:42,22.29999924,5.277272701,20.01000023,79.92956543,1
440757.3998,5018864.71,2021-11-07T00:40:43,22,5.324999809,20.01000023,87.33301544,1
440758.3522,5018862.537,2021-11-07T00:40:44,21.89999962,5.324999809,20.01000023,92.96782684,1
440759.3894,5018860.391,2021-11-07T00:40:45,21.79999924,5.345454693,20.01000023,96.4031601,1
440760.455,5018858.26,2021-11-07T00:40:46,21.89999962,5.345454693,20.01000023,102.6985397,1
440761.5768,5018856.113,2021-11-07T00:40:47,22.10000038,5.393181801,20.01000023,111.5006409,1
440762.6987,5018853.981,2021-11-07T00:40:48,22.39999962,5.393181801,20.01000023,121.4559555,1
440763.8066,5018851.849,2021-11-07T00:40:49,22.5,5.393181801,20.01000023,128.5142822,1
440764.9426,5018849.717,2021-11-07T00:40:50,22.5,5.413636208,20.01000023,128.4779358,1
440766.0784,5018847.556,2021-11-07T00:40:51,22.60000038,5.461363792,20.01000023,123.6330338,1
440767.2281,5018845.381,2021-11-07T00:40:52,22.60000038,5.502272606,20.01000023,118.7410812,1
440768.406,5018843.207,2021-11-07T00:40:53,22.39999962,5.522727489,20.01000023,114.6387253,1
440769.5697,5018841.018,2021-11-07T00:40:54,22.29999924,5.522727489,20.01000023,110.8130798,1
440770.7336,5018838.843,2021-11-07T00:40:55,22.20000076,5.550000191,20.01000023,107.7711639,1
440771.9114,5018836.654,2021-11-07T00:40:56,22.20000076,5.570454597,20.01000023,106.4988937,1
440773.103,5018834.437,2021-11-07T00:40:57,22.20000076,5.611363411,20.01000023,107.4627609,1
440774.2808,5018832.248,2021-11-07T00:40:58,22.10000038,5.590909004,20.01000023,110.1806793,1
440775.4865,5018830.03,2021-11-07T00:40:59,22.10000038,5.611363411,20.01000023,108.9077835,1
440776.6783,5018827.827,2021-11-07T00:41:00,22.20000076,5.611363411,20.01000023,102.6769714,1
440777.8842,5018825.624,2021-11-07T00:41:01,22.10000038,5.638636589,20.01000023,93.20767975,1
440779.0757,5018823.393,2021-11-07T00:41:02,22.20000076,5.659090996,20.01000023,82.82930756,1
440780.2531,5018821.161,2021-11-07T00:41:03,22.10000038,5.638636589,20.01000023,74.99967194,1
440781.4307,5018818.944,2021-11-07T00:41:04,22.10000038,5.638636589,20.01000023,69.79737854,1
440782.6082,5018816.727,2021-11-07T00:41:05,22.20000076,5.611363411,20.01000023,67.87121582,1
440783.8141,5018814.524,2021-11-07T00:41:06,22.39999962,5.659090996,20.01000023,67.55609894,1
440785.0197,5018812.293,2021-11-07T00:41:07,22.70000076,5.679545403,20.01000023,68.76091766,1
440786.2252,5018810.047,2021-11-07T00:41:08,22.89999962,5.706818104,20.01000023,69.52709198,1
440787.4306,5018807.802,2021-11-07T00:41:09,23.10000038,5.679545403,20.01000023,70.95436096,1
440788.6364,5018805.584,2021-11-07T00:41:10,23.20000076,5.679545403,20.01000023,72.55938721,1
440789.842,5018803.353,2021-11-07T00:41:11,23,5.638636589,20.01000023,74.99021149,1
440791.0479,5018801.15,2021-11-07T00:41:12,22.89999962,5.659090996,20.01000023,76.09876251,1
440792.2536,5018798.932,2021-11-07T00:41:13,22.70000076,5.638636589,20.01000023,77.86348724,1
440793.4453,5018796.715,2021-11-07T00:41:14,22.60000038,5.611363411,20.01000023,79.64164734,1
440794.6652,5018794.512,2021-11-07T00:41:15,22.60000038,5.638636589,20.01000023,80.97940826,1
440795.8851,5018792.294,2021-11-07T00:41:16,22.70000076,5.659090996,20.01000023,82.29698181,1
440797.1334,5018790.104,2021-11-07T00:41:17,22.79999924,5.659090996,20.01000023,83.04666901,1
440798.3676,5018787.915,2021-11-07T00:41:18,22.79999924,5.638636589,20.01000023,82.48867035,1
440799.6018,5018785.725,2021-11-07T00:41:19,22.70000076,5.638636589,20.01000023,80.44459534,1
440800.8217,5018783.508,2021-11-07T00:41:20,22.5,5.659090996,20.01000023,76.06382751,1
440802.0557,5018781.304,2021-11-07T00:41:21,22.39999962,5.659090996,20.01000023,70.56815338,1
440803.2898,5018779.101,2021-11-07T00:41:22,22.5,5.659090996,20.01000023,64.89060974,1
440804.5238,5018776.883,2021-11-07T00:41:23,22.79999924,5.659090996,20.01000023,62.07096481,1
440805.7297,5018774.68,2021-11-07T00:41:24,22.79999924,5.638636589,20.01000023,63.58501816,1
440806.9498,5018772.49,2021-11-07T00:41:25,22.5,5.638636589,20.01000023,67.28249359,1
440808.1698,5018770.287,2021-11-07T00:41:26,22.5,5.638636589,20.01000023,67.28249359,1
440809.3896,5018768.069,2021-11-07T00:41:27,22.5,5.659090996,20.01000023,62.74191284,1
440810.6097,5018765.88,2021-11-07T00:41:28,22.5,5.611363411,20.01000023,54.17428207,1
440811.8439,5018763.691,2021-11-07T00:41:29,22.5,5.638636589,20.01000023,45.71759415,1
440813.0782,5018761.501,2021-11-07T00:41:30,22.5,5.611363411,19.48999977,44.05078125,1
440814.3266,5018759.325,2021-11-07T00:41:31,22.5,5.611363411,12.5,71.45908356,1
440815.5892,5018757.15,2021-11-07T00:41:32,22.5,5.638636589,14.5,66.06623077,1
440816.8516,5018754.96,2021-11-07T00:41:33,22.5,5.659090996,17.48999977,59.49048996,1
440818.1281,5018752.77,2021-11-07T00:41:34,22.5,5.679545403,19.48999977,58.90851212,1
440819.4186,5018750.566,2021-11-07T00:41:35,22.5,5.706818104,20.01000023,62.21718979,1
440820.7092,5018748.376,2021-11-07T00:41:36,22.5,5.706818104,20.01000023,62.64333344,1
440821.9713,5018746.158,2021-11-07T00:41:37,22.5,5.706818104,17.48999977,64.35595703,1
440823.2053,5018743.94,2021-11-07T00:41:38,22.39999962,5.706818104,14.5,57.11739349,1
440824.425,5018741.709,2021-11-07T00:41:39,22.39999962,5.706818104,12.5,38.93404007,1
440825.7013,5018739.491,2021-11-07T00:41:40,22.5,5.706818104,8.5,32.1022644,1
440834.757,5018736.975,2021-11-07T00:41:58,23.29999924,2.502272844,8.989999771,98.48176575,1
440834.0613,5018737.965,2021-11-07T00:41:59,23.29999924,2.727272749,20.01000023,64.42279053,1
440833.3104,5018739.068,2021-11-07T00:42:00,23.20000076,2.972727299,20.01000023,82.69061279,1
440832.5599,5018740.227,2021-11-07T00:42:01,23,3.109090805,20.01000023,99.4757309,1
440831.7548,5018741.57,2021-11-07T00:42:02,22.70000076,3.4909091,20.01000023,103.5325928,1
440830.8811,5018743.109,2021-11-07T00:42:03,22.5,3.981818199,20.01000023,100.1645355,1
440829.9239,5018744.777,2021-11-07T00:42:04,22.39999962,4.275000095,20.01000023,99.11165619,1
440828.9536,5018746.542,2021-11-07T00:42:05,22.39999962,4.520454407,20.01000023,95.34606171,1
440827.9419,5018748.406,2021-11-07T00:42:06,22.5,4.786363602,20.01000023,87.39253235,1
440826.8747,5018750.369,2021-11-07T00:42:07,22.60000038,4.963636398,20.01000023,79.7587738,1
440825.7655,5018752.361,2021-11-07T00:42:08,22.60000038,5.099999905,20.01000023,72.86384583,1
440824.6282,5018754.367,2021-11-07T00:42:09,22.39999962,5.168181896,20.01000023,68.79021454,1
440823.4488,5018756.387,2021-11-07T00:42:10,22.10000038,5.256818295,20.01000023,66.49674988,1
440822.2556,5018758.436,2021-11-07T00:42:11,21.89999962,5.304545403,20.01000023,66.06763458,1
440821.0623,5018760.485,2021-11-07T00:42:12,21.79999924,5.324999809,20.01000023,68.20225525,1
440819.855,5018762.533,2021-11-07T00:42:13,21.79999924,5.324999809,20.01000023,71.88886261,1
440818.6476,5018764.582,2021-11-07T00:42:14,21.5,5.324999809,20.01000023,76.3279953,1
440817.4686,5018766.645,2021-11-07T00:42:15,21.20000076,5.324999809,20.01000023,80.3345871,1
440816.2895,5018768.693,2021-11-07T00:42:16,20.79999924,5.304545403,20.01000023,84.33335876,1
440815.1106,5018770.77,2021-11-07T00:42:17,20.29999924,5.324999809,20.01000023,86.41843414,1
440813.9599,5018772.846,2021-11-07T00:42:18,20.10000038,5.324999809,20.01000023,86.63529205,1
440812.8092,5018774.923,2021-11-07T00:42:19,20.10000038,5.304545403,20.01000023,84.60606384,1
440811.6587,5018777.013,2021-11-07T00:42:20,20.20000076,5.345454693,20.01000023,80.57430267,1
440810.5084,5018779.131,2021-11-07T00:42:21,20.60000038,5.413636208,20.01000023,75.93906403,1
440809.3581,5018781.25,2021-11-07T00:42:22,20.79999924,5.413636208,20.01000023,73.91146851,1
440808.2079,5018783.382,2021-11-07T00:42:23,21,5.413636208,20.01000023,74.64066315,1
440807.0576,5018785.501,2021-11-07T00:42:24,21.29999924,5.413636208,20.01000023,77.55046844,1
440805.8934,5018787.634,2021-11-07T00:42:25,21.5,5.413636208,20.01000023,80.99355316,1
440804.7289,5018789.738,2021-11-07T00:42:26,21.79999924,5.393181801,20.01000023,83.26502991,1
440803.5643,5018791.843,2021-11-07T00:42:27,22.20000076,5.393181801,20.01000023,81.48110199,1
440802.3998,5018793.947,2021-11-07T00:42:28,22.60000038,5.393181801,20.01000023,75.65803528,1
440801.2213,5018796.066,2021-11-07T00:42:29,23,5.413636208,20.01000023,69.18041992,1
440800.0711,5018798.184,2021-11-07T00:42:30,23.20000076,5.413636208,20.01000023,64.54907227,1
440798.9349,5018800.303,2021-11-07T00:42:31,23,5.413636208,20.01000023,63.3781929,1
440797.7849,5018802.449,2021-11-07T00:42:32,22.79999924,5.434091091,20.01000023,64.64102936,1
440796.6346,5018804.568,2021-11-07T00:42:33,22.79999924,5.413636208,20.01000023,68.4651413,1
440795.4702,5018806.686,2021-11-07T00:42:34,23.10000038,5.413636208,20.01000023,71.7650528,1
440794.3058,5018808.805,2021-11-07T00:42:35,23.29999924,5.413636208,20.01000023,75.5796814,1
440793.1273,5018810.924,2021-11-07T00:42:36,23.20000076,5.434091091,20.01000023,78.94128418,1
440791.963,5018813.042,2021-11-07T00:42:37,23.20000076,5.434091091,20.01000023,83.37619019,1
440790.8127,5018815.161,2021-11-07T00:42:38,23.10000038,5.393181801,20.01000023,89.03981018,1
440789.6624,5018817.279,2021-11-07T00:42:39,23.10000038,5.393181801,20.01000023,95.30391693,1
440788.512,5018819.384,2021-11-07T00:42:40,23,5.3659091,20.01000023,102.2170029,1
440787.376,5018821.516,2021-11-07T00:42:41,22.89999962,5.393181801,20.01000023,108.1125793,1
440786.2257,5018823.635,2021-11-07T00:42:42,23,5.413636208,20.01000023,111.5813293,1
440785.0755,5018825.767,2021-11-07T00:42:43,23,5.413636208,20.01000023,112.0276566,1
440783.9394,5018827.886,2021-11-07T00:42:44,23,5.393181801,20.01000023,109.7644272,1
440782.7892,5018830.018,2021-11-07T00:42:45,22.89999962,5.413636208,20.01000023,105.0226669,1
440781.6391,5018832.151,2021-11-07T00:42:46,22.89999962,5.434091091,20.01000023,101.065567,1
440780.503,5018834.283,2021-11-07T00:42:47,22.79999924,5.434091091,20.01000023,98.96764374,1
440779.353,5018836.43,2021-11-07T00:42:48,22.70000076,5.434091091,20.01000023,100.4349747,1
440778.2029,5018838.562,2021-11-07T00:42:49,22.60000038,5.434091091,20.01000023,105.9283676,1
440777.0529,5018840.709,2021-11-07T00:42:50,22.60000038,5.434091091,20.01000023,113.5266037,1
440775.8885,5018842.827,2021-11-07T00:42:51,22.60000038,5.434091091,20.01000023,119.7839737,1
440774.7243,5018844.96,2021-11-07T00:42:52,22.60000038,5.434091091,20.01000023,121.5718002,1
440773.5743,5018847.106,2021-11-07T00:42:53,22.5,5.434091091,20.01000023,119.0436707,1
440772.424,5018849.225,2021-11-07T00:42:54,22.5,5.413636208,20.01000023,113.6535492,1
440771.274,5018851.371,2021-11-07T00:42:55,22.39999962,5.434091091,20.01000023,104.8577576,1
440770.124,5018853.518,2021-11-07T00:42:56,22.20000076,5.461363792,20.01000023,93.4274826,1
440768.974,5018855.665,2021-11-07T00:42:57,22,5.434091091,20.01000023,80.62516022,1
440767.8381,5018857.811,2021-11-07T00:42:58,22.10000038,5.481818199,20.01000023,67.78073883,1
440766.7025,5018859.986,2021-11-07T00:42:59,22.20000076,5.502272606,20.01000023,52.80004883,1
440765.5811,5018862.174,2021-11-07T00:43:00,22.29999924,5.481818199,20.01000023,33.80335999,1
440764.4736,5018864.348,2021-11-07T00:43:01,22.60000038,5.461363792,20.01000023,20.90198898,1
440763.4219,5018866.452,2021-11-07T00:43:02,23,5.304545403,20.01000023,15.94264793,1
440762.5099,5018868.413,2021-11-07T00:43:03,23.29999924,4.854545593,20.01000023,14.37787342,1
440761.8355,5018870.162,2021-11-07T00:43:04,23.39999962,3.4909091,20.01000023,16.52537537,1
440761.3837,5018871.6,2021-11-07T00:43:05,23.5,2.570454597,20.01000023,18.67804337,1
440761.0439,5018872.952,2021-11-07T00:43:06,23.60000038,3.12954545,20.01000023,12.25693703,1
440760.8291,5018874.092,2021-11-07T00:43:07,23.70000076,2.038636446,20.01000023,15.26785374,1
440760.6952,5018874.852,2021-11-07T00:43:08,23.79999924,0.804545462,20.01000023,35.66444778,1
440760.603,5018875.541,2021-11-07T00:43:09,24,1.3840909,20.01000023,18.9535923,1
440760.5257,5018876.315,2021-11-07T00:43:10,24.10000038,1.74545455,20.01000023,17.73888969,1
440760.4493,5018877.187,2021-11-07T00:43:11,24.10000038,1.943181872,20.01000023,19.61092949,1
440760.4024,5018878.199,2021-11-07T00:43:12,24.20000076,2.256818295,20.01000023,20.02516556,1
440760.398,5018879.239,2021-11-07T00:43:13,24.20000076,2.345454454,20.01000023,21.29665375,1
440760.4503,5018880.306,2021-11-07T00:43:14,23.89999962,2.372727156,20.01000023,21.13518333,1
440760.588,5018881.457,2021-11-07T00:43:15,22.89999962,2.597727299,20.01000023,20.48959541,1
440760.784,5018882.818,2021-11-07T00:43:16,22.60000038,3.088636398,20.01000023,23.59094238,1
440761.0095,5018884.305,2021-11-07T00:43:17,22.5,3.375,20.01000023,36.74920654,1
440761.2499,5018885.891,2021-11-07T00:43:18,22.5,3.579545498,20.01000023,62.50453186,1
440761.5193,5018887.56,2021-11-07T00:43:19,22.5,3.804545403,20.01000023,83.73751831,1
440761.8173,5018889.272,2021-11-07T00:43:20,22.5,3.893181801,20.01000023,94.32435608,1
440762.115,5018890.941,2021-11-07T00:43:21,22.5,3.804545403,20.01000023,97.80030823,1
440762.4261,5018892.554,2021-11-07T00:43:22,22.5,3.668181896,20.01000023,98.78408813,1
440762.7508,5018894.097,2021-11-07T00:43:23,22.5,3.559090853,20.01000023,97.02883911,1
440763.0895,5018895.639,2021-11-07T00:43:24,22.5,3.531818151,20.01000023,88.82658386,1
440763.4132,5018897.083,2021-11-07T00:43:25,22.5,3.313636303,20.01000023,79.26299286,1
440763.6938,5018898.444,2021-11-07T00:43:26,22.5,3.12954545,16.98999977,73.21735382,1
440763.9748,5018899.846,2021-11-07T00:43:27,22.5,3.177272797,14.01000023,63.4065361,1
440764.213,5018901.193,2021-11-07T00:43:28,22.5,3.088636398,10.98999977,60.21205902,1
440764.3915,5018902.189,2021-11-07T00:43:29,22.5,1.5,8.5,118.3178253,1
440764.4815,5018902.764,2021-11-07T00:43:30,22.5,0.381818175,7.510000229,373.3574219,1
440759.5431,5018882.787,2021-11-07T00:43:48,22.5,3.402272701,0.980000019,189.734726,1
440761.1154,5018885.077,2021-11-07T00:43:50,22.5,4.070454597,2.99000001,159.935379,1
440762.1861,5018886.5,2021-11-07T00:43:51,22.5,3.981818199,5.510000229,106.465004,1
440763.314,5018888.007,2021-11-07T00:43:52,22.89999962,4.227272511,8.989999771,63.69441986,1
440764.4424,5018889.57,2021-11-07T00:43:53,23.10000038,4.336363792,11.52000046,44.4634285,1
440765.5714,5018891.204,2021-11-07T00:43:54,23.20000076,4.452272892,14.5,27.63822556,1
440766.6864,5018892.837,2021-11-07T00:43:55,23.29999924,4.452272892,4.989999771,65.03262329,1
440764.8214,5018896.915,2021-11-07T00:44:08,23.70000076,3.531818151,2,67.82552338,1
440765.2041,5018895.633,2021-11-07T00:44:09,23.70000076,3,4,71.86422729,1
440766.5982,5018890.955,2021-11-07T00:44:12,23.39999962,3.825000048,6.989999771,228.4656067,1
440767.1605,5018889.278,2021-11-07T00:44:13,22.89999962,3.981818199,15.48999977,117.7361298,1
440767.8204,5018887.487,2021-11-07T00:44:14,22.39999962,4.295454502,20.01000023,94.10453796,1
440768.5923,5018885.611,2021-11-07T00:44:15,21.89999962,4.54090929,20.01000023,97.6869812,1
440769.477,5018883.734,2021-11-07T00:44:16,21.60000038,4.677272797,20.01000023,103.0930328,1
440770.4606,5018881.884,2021-11-07T00:44:17,22.20000076,4.697727203,20.01000023,111.2129669,1
440771.5714,5018880.075,2021-11-07T00:44:18,22.39999962,4.745454311,20.01000023,122.1267319,1
440772.7959,5018878.349,2021-11-07T00:44:19,22.39999962,4.745454311,20.01000023,133.928894,1
440774.1621,5018876.707,2021-11-07T00:44:20,21.70000076,4.765909195,20.01000023,143.8368225,1
440775.6278,5018875.161,2021-11-07T00:44:21,21.5,4.786363602,20.01000023,152.3370514,1
440777.1787,5018873.671,2021-11-07T00:44:22,21.5,4.83409071,20.01000023,158.4765778,1
440778.7578,5018872.181,2021-11-07T00:44:23,21.70000076,4.83409071,20.01000023,162.1390076,1
440780.2805,5018870.692,2021-11-07T00:44:24,21.79999924,4.786363602,20.01000023,162.5212708,1
440781.7318,5018869.104,2021-11-07T00:44:25,22,4.806818008,20.01000023,158.360611,1
440783.1257,5018867.405,2021-11-07T00:44:26,22.10000038,4.922727108,20.01000023,153.440506,1
440784.4479,5018865.58,2021-11-07T00:44:27,22.20000076,5.052272797,20.01000023,151.2470856,1
440785.7129,5018863.671,2021-11-07T00:44:28,22.39999962,5.147727489,20.01000023,151.8452148,1
440786.9774,5018861.706,2021-11-07T00:44:29,22.60000038,5.20909071,20.01000023,158.5286713,1
440788.2271,5018859.671,2021-11-07T00:44:30,22.79999924,5.3659091,20.01000023,166.5904999,1
440789.4765,5018857.594,2021-11-07T00:44:31,23,5.434091091,20.01000023,177.8581238,1
440790.6971,5018855.461,2021-11-07T00:44:32,23.10000038,5.502272606,20.01000023,184.6359253,1
440791.9034,5018853.3,2021-11-07T00:44:33,23,5.550000191,20.01000023,186.3336945,1
440793.1237,5018851.138,2021-11-07T00:44:34,22.89999962,5.550000191,20.01000023,185.2679138,1
440794.3301,5018848.991,2021-11-07T00:44:35,22.89999962,5.550000191,20.01000023,181.7805176,1
440795.5787,5018846.83,2021-11-07T00:44:36,22.89999962,5.550000191,20.01000023,179.1649628,1
440796.8134,5018844.697,2021-11-07T00:44:37,23,5.522727489,20.01000023,178.9411774,1
440798.048,5018842.549,2021-11-07T00:44:38,23.10000038,5.570454597,20.01000023,178.4772186,1
440799.2823,5018840.374,2021-11-07T00:44:39,23.20000076,5.590909004,20.01000023,183.6277313,1
440800.5026,5018838.198,2021-11-07T00:44:40,23.39999962,5.611363411,20.01000023,191.0491333,1
440801.7369,5018836.023,2021-11-07T00:44:41,23.5,5.590909004,20.01000023,197.9382782,1
440802.9291,5018833.862,2021-11-07T00:44:42,23.39999962,5.550000191,20.01000023,200.9572296,1
440804.1493,5018831.687,2021-11-07T00:44:43,23.39999962,5.570454597,20.01000023,198.4932861,1
440805.3274,5018829.526,2021-11-07T00:44:44,23.5,5.550000191,20.01000023,197.66716,1
440806.5052,5018827.337,2021-11-07T00:44:45,23.5,5.550000191,20.01000023,196.3695679,1
440807.6831,5018825.162,2021-11-07T00:44:46,23.5,5.522727489,20.01000023,195.6006165,1
440808.8471,5018823.001,2021-11-07T00:44:47,23.39999962,5.522727489,20.01000023,194.1153564,1
440810.0251,5018820.826,2021-11-07T00:44:48,23.39999962,5.522727489,20.01000023,194.5505981,1
440811.217,5018818.637,2021-11-07T00:44:49,23.29999924,5.570454597,20.01000023,195.7279358,1
440812.4089,5018816.448,2021-11-07T00:44:50,23.20000076,5.590909004,20.01000023,199.1455688,1
440813.6151,5018814.273,2021-11-07T00:44:51,23.29999924,5.570454597,20.01000023,201.7769165,1
440814.8212,5018812.097,2021-11-07T00:44:52,23.29999924,5.570454597,20.01000023,201.7769165,1
440816.0413,5018809.908,2021-11-07T00:44:53,23.39999962,5.590909004,20.01000023,199.4868164,1
440817.2334,5018807.733,2021-11-07T00:44:54,23.5,5.570454597,20.01000023,198.2341614,1
440818.4536,5018805.558,2021-11-07T00:44:55,23.79999924,5.570454597,20.01000023,194.0227509,1
440819.6595,5018803.354,2021-11-07T00:44:56,24,5.638636589,20.01000023,186.944046,1
440820.9074,5018801.123,2021-11-07T00:44:57,24.20000076,5.727272511,20.01000023,180.6593628,1
440822.1411,5018798.877,2021-11-07T00:44:58,24.29999924,5.747727394,20.01000023,179.3656769,1
440823.4028,5018796.617,2021-11-07T00:44:59,24.39999962,5.795454502,20.01000023,179.2909088,1
440824.6646,5018794.357,2021-11-07T00:45:00,24.5,5.795454502,20.01000023,182.3241425,1
440825.9406,5018792.111,2021-11-07T00:45:01,24.60000038,5.795454502,20.01000023,184.9404449,1
440827.2166,5018789.865,2021-11-07T00:45:02,24.60000038,5.768181801,20.01000023,188.6861877,1
440828.4786,5018787.633,2021-11-07T00:45:03,23.20000076,5.747727394,20.01000023,194.1314697,1
440829.7406,5018785.401,2021-11-07T00:45:04,22.70000076,5.727272511,20.01000023,195.6696472,1
440831.0027,5018783.183,2021-11-07T00:45:05,22.5,5.727272511,20.01000023,196.6005402,1
440832.2505,5018780.937,2021-11-07T00:45:06,22.5,5.747727394,20.01000023,196.7471161,1
440833.4841,5018778.677,2021-11-07T00:45:07,22.5,5.768181801,20.01000023,195.2062073,1
440834.7175,5018776.403,2021-11-07T00:45:08,22.5,5.795454502,20.01000023,193.0287018,1
440835.9792,5018774.129,2021-11-07T00:45:09,22.5,5.836363792,20.01000023,195.8425598,1
440837.297,5018771.841,2021-11-07T00:45:10,22.5,5.904545307,20.01000023,207.5848389,1
440838.6433,5018769.566,2021-11-07T00:45:11,22.5,5.925000191,20.01000023,219.1817932,1
440840.0038,5018767.319,2021-11-07T00:45:12,22.79999924,5.863636494,20.01000023,214.4210968,1
440841.3645,5018765.086,2021-11-07T00:45:13,23.29999924,5.8840909,20.01000023,179.9776306,1
440842.7814,5018762.825,2021-11-07T00:45:14,23.39999962,5.972727299,20.01000023,136.8311157,1
440844.2406,5018760.577,2021-11-07T00:45:15,23.5,5.993181705,20.01000023,109.3494263,1
440845.6859,5018758.343,2021-11-07T00:45:16,23.60000038,5.952272892,20.01000023,97.47107697,1
440847.1456,5018756.137,2021-11-07T00:45:17,23.70000076,5.925000191,20.01000023,86.8809433,1
440848.6053,5018753.946,2021-11-07T00:45:18,23.89999962,5.8840909,20.01000023,70.21037292,1
440853.6834,5018754.235,2021-11-07T00:45:29,22.5,1.568181872,18.01000023,18.95314217,1
440853.1597,5018754.015,2021-11-07T00:45:30,22.5,3.334090948,10.01000023,26.24579048,1
440852.2243,5018753.49,2021-11-07T00:45:31,22.5,3.756818295,10.01000023,51.76120758,1
440851.0335,5018752.785,2021-11-07T00:45:32,22.5,3.777272701,10.01000023,105.5358734,1
440849.6296,5018751.913,2021-11-07T00:45:33,22.5,3.715909004,10.01000023,158.3014374,1
440847.9707,5018750.917,2021-11-07T00:45:34,22.5,4.315908909,20.01000023,76.63341522,1
440846.1847,5018749.879,2021-11-07T00:45:35,23.5,4.629545689,20.01000023,71.55698395,1
440844.3137,5018748.815,2021-11-07T00:45:36,24,4.806818008,20.01000023,70.45212555,1
440842.3864,5018747.751,2021-11-07T00:45:37,23.89999962,4.922727108,20.01000023,72.27947998,1
440840.4028,5018746.702,2021-11-07T00:45:38,23.89999962,5.03181839,20.01000023,70.71244812,1
440838.3624,5018745.611,2021-11-07T00:45:39,23.79999924,5.147727489,20.01000023,62.70801926,1
440836.294,5018744.534,2021-11-07T00:45:40,23.89999962,5.20909071,18.5,53.55150986,1
440835.8013,5018744.609,2021-11-07T00:45:55,25.20000076,3.402272701,1.50999999,457.1118469,1
440835.0811,5018745.993,2021-11-07T00:45:56,25.10000038,3.4909091,17.48999977,67.78491974,1
440834.3331,5018747.405,2021-11-07T00:45:57,24.79999924,3.599999905,17.48999977,90.74189758,1
440833.5717,5018748.902,2021-11-07T00:45:58,24.20000076,3.756818295,17.48999977,102.8595276,1
440832.7273,5018750.568,2021-11-07T00:45:59,23.60000038,4.186363697,17.48999977,102.2087708,1
440831.7998,5018752.389,2021-11-07T00:46:00,23.10000038,4.561363697,17.48999977,102.8934479,1
440830.789,5018754.351,2021-11-07T00:46:01,22.89999962,4.922727108,17.48999977,102.3356934,1
440829.6951,5018756.469,2021-11-07T00:46:02,22.70000076,5.345454693,20.01000023,86.67185211,1
440828.5173,5018758.658,2021-11-07T00:46:03,22.39999962,5.570454597,20.01000023,84.80523682,1
440827.3116,5018760.89,2021-11-07T00:46:04,22.20000076,5.679545403,20.01000023,83.39070129,1
440826.0922,5018763.149,2021-11-07T00:46:05,22,5.747727394,20.01000023,83.46499634,1
440824.8587,5018765.423,2021-11-07T00:46:06,21.89999962,5.795454502,20.01000023,87.11252594,1
440823.6115,5018767.725,2021-11-07T00:46:07,21.79999924,5.863636494,20.01000023,94.16122437,1
440822.3641,5018770.013,2021-11-07T00:46:08,21.79999924,5.836363792,20.01000023,103.4306793,1
440821.1028,5018772.33,2021-11-07T00:46:09,21.70000076,5.8840909,20.01000023,111.074379,1
440819.8417,5018774.66,2021-11-07T00:46:10,21.5,5.952272892,20.01000023,116.7040176,1
440818.5668,5018777.018,2021-11-07T00:46:11,21.39999962,5.993181705,20.01000023,120.1704865,1
440817.2921,5018779.405,2021-11-07T00:46:12,21.5,6.04090929,20.01000023,119.47715,1
440816.0034,5018781.792,2021-11-07T00:46:13,21.60000038,6.081818104,20.01000023,114.8816986,1
440814.7008,5018784.207,2021-11-07T00:46:14,21.79999924,6.150000095,20.01000023,106.9341202,1
440813.3844,5018786.65,2021-11-07T00:46:15,21.89999962,6.21818161,20.01000023,97.74378967,1
440812.0679,5018789.093,2021-11-07T00:46:16,22,6.238636494,20.01000023,90.2365799,1
440810.7235,5018791.551,2021-11-07T00:46:17,22.10000038,6.265909195,20.01000023,88.1681366,1
440809.4072,5018794.008,2021-11-07T00:46:18,22.29999924,6.238636494,20.01000023,93.79776001,1
440808.0768,5018796.465,2021-11-07T00:46:19,22.39999962,6.238636494,20.01000023,104.2157059,1
440806.7463,5018798.909,2021-11-07T00:46:20,22.39999962,6.238636494,20.01000023,116.3156586,1
440805.4298,5018801.352,2021-11-07T00:46:21,22.39999962,6.21818161,20.01000023,127.6632156,1
440804.0993,5018803.795,2021-11-07T00:46:22,22.5,6.21818161,20.01000023,136.4940033,1
440802.797,5018806.238,2021-11-07T00:46:23,22.60000038,6.21818161,20.01000023,143.3486023,1
440801.4805,5018808.668,2021-11-07T00:46:24,22.70000076,6.177272797,20.01000023,148.0382538,1
440800.164,5018811.111,2021-11-07T00:46:25,22.70000076,6.21818161,20.01000023,150.1850433,1
440798.8196,5018813.568,2021-11-07T00:46:26,22.70000076,6.265909195,20.01000023,152.5251617,1
440797.4754,5018816.054,2021-11-07T00:46:27,22.60000038,6.327272892,20.01000023,154.6960907,1
440796.1311,5018818.54,2021-11-07T00:46:28,22.60000038,6.354545593,20.01000023,156.3254395,1
440794.773,5018821.039,2021-11-07T00:46:29,22.70000076,6.354545593,20.01000023,153.8331451,1
440793.4288,5018823.525,2021-11-07T00:46:30,22.70000076,6.354545593,20.01000023,146.5804596,1
440792.0709,5018826.053,2021-11-07T00:46:31,22.70000076,6.395454407,20.01000023,135.7816162,1
440790.7269,5018828.567,2021-11-07T00:46:32,22.60000038,6.395454407,20.01000023,124.184433,1
440789.369,5018831.094,2021-11-07T00:46:33,22.60000038,6.422727108,20.01000023,111.5561142,1
440788.011,5018833.608,2021-11-07T00:46:34,22.79999924,6.395454407,20.01000023,101.8938675,1
440786.6529,5018836.122,2021-11-07T00:46:35,22.89999962,6.395454407,20.01000023,96.46572113,1
440785.2808,5018838.636,2021-11-07T00:46:36,22.70000076,6.422727108,20.01000023,96.30527496,1
440783.9088,5018841.164,2021-11-07T00:46:37,22.5,6.443181992,20.01000023,101.5321198,1
440782.5368,5018843.692,2021-11-07T00:46:38,22.5,6.443181992,20.01000023,110.5907516,1
440781.1506,5018846.206,2021-11-07T00:46:39,22.5,6.422727108,20.01000023,120.7877197,1
440779.7642,5018848.706,2021-11-07T00:46:40,22.5,6.422727108,20.01000023,128.7392578,1
440778.4062,5018851.22,2021-11-07T00:46:41,22.5,6.395454407,20.01000023,135.7526703,1
440777.0341,5018853.734,2021-11-07T00:46:42,22.5,6.375,20.01000023,139.6215515,1
440775.6759,5018856.234,2021-11-07T00:46:43,22.5,6.375,20.01000023,138.8585968,1
440774.3177,5018858.734,2021-11-07T00:46:44,22.5,6.375,20.01000023,130.4660492,1
440772.9597,5018861.248,2021-11-07T00:46:45,22.5,6.395454407,20.01000023,111.7963181,1
440771.5876,5018863.762,2021-11-07T00:46:46,22.5,6.422727108,20.01000023,88.22425842,1
440770.2156,5018866.29,2021-11-07T00:46:47,22.5,6.443181992,20.01000023,68.31715393,1
440768.8154,5018868.818,2021-11-07T00:46:48,22.5,6.443181992,20.01000023,56.23898315,1
440767.4291,5018871.318,2021-11-07T00:46:49,22.5,6.422727108,19.48999977,49.75965118,1
440766.0568,5018873.818,2021-11-07T00:46:50,22.5,6.395454407,16.5,47.49856949,1
440764.6846,5018876.318,2021-11-07T00:46:51,22.20000076,6.395454407,12.98999977,38.80966949,1
440763.3126,5018878.846,2021-11-07T00:46:52,22,6.422727108,4,68.63009644,1
440764.9107,5018886.896,2021-11-07T00:47:11,23.20000076,4.902272701,4.989999771,5.914001465,1
440766.2463,5018885.001,2021-11-07T00:47:12,23.20000076,5.188636303,7.510000229,7.425338745,1
440767.5664,5018882.951,2021-11-07T00:47:13,23.20000076,5.461363792,7.510000229,19.98785019,1
440768.8574,5018880.803,2021-11-07T00:47:14,23.20000076,5.611363411,7.510000229,51.4946785,1
440770.1336,5018878.585,2021-11-07T00:47:15,23.10000038,5.727272511,7.510000229,102.1590576,1
440771.4091,5018876.297,2021-11-07T00:47:16,22.79999924,5.836363792,8.989999771,122.8750916,1
440772.6986,5018873.995,2021-11-07T00:47:17,22.60000038,5.904545307,10.5,127.7761383,1
440774.0022,5018871.692,2021-11-07T00:47:18,22.60000038,5.925000191,13.47999954,121.0912476,1
440775.2775,5018869.376,2021-11-07T00:47:19,22.5,5.925000191,16.5,119.9619217,1
440776.5528,5018867.059,2021-11-07T00:47:20,22.39999962,5.952272892,19,119.775238,1
440777.8137,5018864.715,2021-11-07T00:47:21,22.39999962,5.972727299,20.01000023,124.3479843,1
440779.0886,5018862.356,2021-11-07T00:47:22,22.39999962,5.993181705,20.01000023,132.0497284,1
440780.3494,5018859.998,2021-11-07T00:47:23,22.29999924,5.993181705,20.01000023,137.1018524,1
440781.6242,5018857.626,2021-11-07T00:47:24,22.29999924,5.993181705,20.01000023,138.3223419,1
440782.885,5018855.267,2021-11-07T00:47:25,22.29999924,6.020454407,20.01000023,136.4807892,1
440784.1598,5018852.895,2021-11-07T00:47:26,22.39999962,6.020454407,20.01000023,134.2828064,1
440785.4347,5018850.536,2021-11-07T00:47:27,22.39999962,6.020454407,20.01000023,132.6649323,1
440786.7237,5018848.177,2021-11-07T00:47:28,22.39999962,6.020454407,20.01000023,131.0470734,1
440787.9986,5018845.819,2021-11-07T00:47:29,22.5,6.020454407,20.01000023,130.0703125,1
440789.2736,5018843.475,2021-11-07T00:47:30,22.70000076,5.972727299,20.01000023,133.2080688,1
440790.5343,5018841.102,2021-11-07T00:47:31,22.70000076,6.020454407,20.01000023,138.5984955,1
440791.8091,5018838.73,2021-11-07T00:47:32,22.79999924,6.04090929,20.01000023,146.3719025,1
440793.0837,5018836.343,2021-11-07T00:47:33,22.89999962,6.04090929,20.01000023,153.7917938,1
440794.3586,5018833.984,2021-11-07T00:47:34,22.89999962,6.020454407,20.01000023,159.5384827,1
440795.6476,5018831.626,2021-11-07T00:47:35,22.70000076,6.020454407,20.01000023,162.7726593,1
440796.9366,5018829.267,2021-11-07T00:47:36,22.60000038,6.04090929,20.01000023,164.8437195,1
440798.2256,5018826.909,2021-11-07T00:47:37,22.5,5.993181705,20.01000023,171.2405396,1
440799.4866,5018824.564,2021-11-07T00:47:38,22.5,5.993181705,20.01000023,178.138855,1
440800.7756,5018822.206,2021-11-07T00:47:39,22.39999962,5.993181705,20.01000023,186.0885315,1
440802.0646,5018819.847,2021-11-07T00:47:40,22.29999924,6.020454407,20.01000023,191.559082,1
440803.3395,5018817.488,2021-11-07T00:47:41,22.29999924,6.020454407,20.01000023,195.2039642,1
440804.6284,5018815.116,2021-11-07T00:47:42,22.5,6.04090929,20.01000023,195.6525574,1
440805.9173,5018812.743,2021-11-07T00:47:43,22.5,6.04090929,20.01000023,196.0551453,1
440807.1923,5018810.399,2021-11-07T00:47:44,22.60000038,5.993181705,20.01000023,196.1456757,1
440808.4674,5018808.054,2021-11-07T00:47:45,22.70000076,5.972727299,20.01000023,193.3141479,1
440809.7282,5018805.696,2021-11-07T00:47:46,22.79999924,5.993181705,20.01000023,187.1503754,1
440811.0173,5018803.351,2021-11-07T00:47:47,22.89999962,6.020454407,20.01000023,178.4259186,1
440812.292,5018800.964,2021-11-07T00:47:48,22.89999962,6.04090929,20.01000023,170.6127777,1
440813.5669,5018798.606,2021-11-07T00:47:49,22.89999962,5.993181705,20.01000023,169.1456451,1
440814.842,5018796.262,2021-11-07T00:47:50,22.79999924,6.020454407,20.01000023,171.4144745,1
440816.1168,5018793.889,2021-11-07T00:47:51,22.79999924,6.020454407,20.01000023,175.0359039,1
440817.4199,5018791.53,2021-11-07T00:47:52,22.70000076,6.04090929,20.01000023,173.8661194,1
440818.6949,5018789.186,2021-11-07T00:47:53,22.5,5.993181705,20.01000023,169.2116241,1
440819.984,5018786.827,2021-11-07T00:47:54,22.5,5.993181705,20.01000023,158.2554626,1
440821.259,5018784.483,2021-11-07T00:47:55,22.5,5.993181705,20.01000023,146.4877472,1
440822.5339,5018782.124,2021-11-07T00:47:56,22.5,5.993181705,20.01000023,136.7489624,1
440823.809,5018779.78,2021-11-07T00:47:57,22.5,5.993181705,20.01000023,130.6622009,1
440825.0839,5018777.421,2021-11-07T00:47:58,22.5,6.020454407,20.01000023,124.0111313,1
440826.3728,5018775.048,2021-11-07T00:47:59,22.5,6.020454407,20.01000023,117.9519577,1
440827.6476,5018772.676,2021-11-07T00:48:00,22.5,6.04090929,20.01000023,117.1499939,1
440828.9365,5018770.303,2021-11-07T00:48:01,22.5,6.081818104,20.01000023,120.7605515,1
440830.2393,5018767.902,2021-11-07T00:48:02,22.5,6.109090805,20.01000023,117.8329391,1
440831.542,5018765.501,2021-11-07T00:48:03,22.5,6.129545689,20.01000023,105.9337997,1
440832.8447,5018763.1,2021-11-07T00:48:04,22.5,6.129545689,20.01000023,92.44410706,1
440834.1614,5018760.685,2021-11-07T00:48:05,22.5,6.150000095,20.01000023,83.04161072,1
440835.478,5018758.256,2021-11-07T00:48:06,22.5,6.197727203,20.01000023,73.3771286,1
440836.7947,5018755.841,2021-11-07T00:48:07,22.5,6.150000095,20.01000023,61.29261398,1
440838.0976,5018753.454,2021-11-07T00:48:08,22.5,6.109090805,16.01000023,55.72483063,1
440848.6792,5018748.282,2021-11-07T00:48:43,24.20000076,2.215909004,0.49000001,175.3388367,1
440846.3091,5018751.129,2021-11-07T00:48:46,24.29999924,4.963636398,4.989999771,103.6301422,1
440845.2102,5018752.713,2021-11-07T00:48:47,24.29999924,4.315908909,9.510000229,104.2275543,1
440844.0294,5018754.579,2021-11-07T00:48:48,24.20000076,4.943181992,10.01000023,113.5030441,1
440842.7938,5018756.628,2021-11-07T00:48:49,24,5.3659091,10.98999977,109.2454376,1
440841.5593,5018758.789,2021-11-07T00:48:50,24,5.570454597,10.98999977,110.6905594,1
440840.2838,5018761.091,2021-11-07T00:48:51,24.10000038,5.863636494,10.01000023,116.111084,1
440838.9666,5018763.45,2021-11-07T00:48:52,24.29999924,6.061363697,10.01000023,108.110405,1
440837.6215,5018765.838,2021-11-07T00:48:53,24.60000038,6.109090805,10.01000023,102.1954498,1
440836.2623,5018768.239,2021-11-07T00:48:54,24.60000038,6.21818161,10.01000023,98.12067413,1
440834.904,5018770.725,2021-11-07T00:48:55,24.29999924,6.327272892,10.01000023,96.06211853,1
440833.5177,5018773.239,2021-11-07T00:48:56,24.20000076,6.422727108,8.989999771,106.3351135,1
440832.1457,5018775.767,2021-11-07T00:48:57,24.20000076,6.463636398,7.510000229,127.4654999,1
440830.7742,5018778.351,2021-11-07T00:48:58,24.29999924,6.552272797,7.510000229,124.6093521,1
440829.3891,5018780.992,2021-11-07T00:48:59,24.10000038,6.688636303,7.510000229,117.6475525,1
440828.0042,5018783.647,2021-11-07T00:49:00,23.79999924,6.688636303,7.510000229,109.5398788,1
440826.6326,5018786.217,2021-11-07T00:49:01,23.79999924,6.552272797,7.510000229,103.0684891,1
440825.2748,5018788.759,2021-11-07T00:49:02,23.79999924,6.443181992,7.510000229,97.89190674,1
440823.9305,5018791.244,2021-11-07T00:49:03,23.89999962,6.354545593,7.510000229,94.12067413,1
440822.6005,5018793.744,2021-11-07T00:49:04,23.79999924,6.306818008,7.510000229,92.93718719,1
440821.2701,5018796.201,2021-11-07T00:49:05,23.70000076,6.306818008,7.510000229,91.03612518,1
440819.9259,5018798.687,2021-11-07T00:49:06,23.70000076,6.306818008,7.510000229,93.0591507,1
440818.5672,5018801.13,2021-11-07T00:49:07,23.89999962,6.238636494,7.510000229,97.90914154,1
440817.2225,5018803.56,2021-11-07T00:49:08,23.89999962,6.238636494,7.510000229,100.9688034,1
440815.8777,5018805.989,2021-11-07T00:49:09,23.70000076,6.21818161,7.510000229,102.5931015,1
440814.5331,5018808.433,2021-11-07T00:49:10,23.60000038,6.21818161,7.510000229,100.6730042,1
440813.2165,5018810.862,2021-11-07T00:49:11,23.60000038,6.21818161,7.510000229,98.61845398,1
440811.9,5018813.291,2021-11-07T00:49:12,23.79999924,6.177272797,7.510000229,99.01168823,1
440810.5834,5018815.72,2021-11-07T00:49:13,24,6.197727203,7.510000229,99.45116425,1
440809.2672,5018818.178,2021-11-07T00:49:14,23.89999962,6.21818161,7.510000229,103.3474197,1
440807.9507,5018820.621,2021-11-07T00:49:15,23.10000038,6.21818161,7.510000229,110.6378479,1
440806.6202,5018823.064,2021-11-07T00:49:16,22.60000038,6.21818161,7.510000229,116.5608215,1
440805.2896,5018825.493,2021-11-07T00:49:17,22.5,6.21818161,7.510000229,120.8796768,1
440803.9873,5018827.936,2021-11-07T00:49:18,22.5,6.197727203,7.510000229,119.1876144,1
440802.6709,5018830.38,2021-11-07T00:49:19,22.5,6.21818161,7.510000229,110.4590149,1
440801.3544,5018832.823,2021-11-07T00:49:20,22.5,6.21818161,7.510000229,94.82802582,1
440800.0238,5018835.252,2021-11-07T00:49:21,22.5,6.21818161,7.510000229,79.19702911,1
440798.6934,5018837.71,2021-11-07T00:49:22,22.5,6.21818161,7.510000229,67.73430634,1
440797.3629,5018840.153,2021-11-07T00:49:23,22.5,6.265909195,7.510000229,57.91121292,1
440796.0185,5018842.61,2021-11-07T00:49:24,22.5,6.265909195,7.510000229,46.53579712,1
440794.7021,5018845.054,2021-11-07T00:49:25,22.5,6.238636494,5.510000229,48.132267,1
440793.3717,5018847.511,2021-11-07T00:49:26,22.5,6.238636494,4.989999771,39.07945251,1
440792.027,5018849.94,2021-11-07T00:49:27,22.5,6.21818161,4.989999771,28.22976112,1
440790.6965,5018852.384,2021-11-07T00:49:28,22.5,6.238636494,4.989999771,20.32131386,1
440789.3517,5018854.813,2021-11-07T00:49:29,22.5,6.238636494,2.49000001,37.59160614,1
440788.0071,5018857.257,2021-11-07T00:49:30,22.5,6.238636494,2.49000001,34.45897293,1
440786.7047,5018859.686,2021-11-07T00:49:31,22.5,6.177272797,2.49000001,34.80128098,1
